/*
SQLyog Ultimate v12.09 (64 bit)
MySQL - 11.1.2-MariaDB-1:11.1.2+maria~ubu2204 : Database - db_mexico
*********************************************************************
*/

/*!40101 SET NAMES utf8 */;

/*!40101 SET SQL_MODE=''*/;

/*!40014 SET @OLD_UNIQUE_CHECKS=@@UNIQUE_CHECKS, UNIQUE_CHECKS=0 */;
/*!40014 SET @OLD_FOREIGN_KEY_CHECKS=@@FOREIGN_KEY_CHECKS, FOREIGN_KEY_CHECKS=0 */;
/*!40101 SET @OLD_SQL_MODE=@@SQL_MODE, SQL_MODE='NO_AUTO_VALUE_ON_ZERO' */;
/*!40111 SET @OLD_SQL_NOTES=@@SQL_NOTES, SQL_NOTES=0 */;
CREATE DATABASE /*!32312 IF NOT EXISTS*/`db_mexico` /*!40100 DEFAULT CHARACTER SET utf8mb3 COLLATE utf8mb3_general_ci */;

USE `db_mexico`;

/*Data for the table `detalle` */

insert  into `detalle`(`id`,`informacion`,`tipo_actividad_id`,`municipio_id`) values (1,'{\"actividades\":[{\"nombre\":\"Topolobampo\",\"descripcion\":\"Hermosa bahía con un puerto que recibe cruceros internacionales y transbordadores con servicio a La Paz, B.C.S. Tiene un malecón peatonal.\",\"actividad\":\"Paseos en lancha, pesca deportiva, observación de fauna marina.\",\"servicio\":\"Hospedaje, restaurantes, transporte, comercios.\"},{\"nombre\":\"El Maviri\",\"descripcion\":\"A 6 km. de Topolobampo, pequeña isla con playas y manglares.\",\"actividad\":\"Playa, paseos en lancha y kayac, motos acuáticas, pesca deportiva observación de la flora y fauna, tirolesa, juegos infantiles.\",\"servicio\":\"Restaurantes, baños y vestidores, puentes y miradores de madera.\"},{\"nombre\":\"Isla del Farallón\",\"descripcion\":\"Ubicada a 27 km de Topolobampo, es un islote rocoso considerado el segundo más grande del mundo en su género, santuario de focas y lobos marinos, así como delfines, varias especies marinas y aves acuáticas.\",\"actividad\":\"Paseos en lancha, observación de fauna, pesca deportiva, buceo.\",\"servicio\":\"\"},{\"nombre\":\"Jardín Botánico\",\"descripcion\":\"Ubicado en la zona centro de Los Mochis, es un agradable espacio recreativo de 16 ha., que tiene más de 200 especies de plantas y flores de diversas partes del mundo, destaca el jardín de cactáceas, así como algunas especies de aves.\",\"actividad\":\"\",\"servicio\":\"\"},{\"nombre\":\"Otros sitios\",\"descripcion\":\"Bahía Ohuira, Isla de los Pájaros, Playa La Biznaga y San Juan, Cueva Murciélagos.\",\"actividad\":\"\",\"servicio\":\"\"},{\"nombre\":\"En Los Mochis\",\"descripcion\":\"\",\"actividad\":\"\",\"servicio\":\"Aeropuerto, transportes, hospedaje, restaurantes, plazas comerciales.\"}]}',1,1),(2,'{\"actividades\":[{\"nombre\":\"Museo Regional Valle del Fuerte\",\"descripcion\":\"En Los Mochis tiene una exposición de la historia y piezas prehispánicas de la región, así como la historia sobre los orígenes de Los Mochis. También presenta muestras de artistas locales y foráneos.\"},{\"nombre\":\"Villa de Ahome\",\"descripcion\":\"Fundada en 1605, fue nombrada Pueblo Señorial, se ubica a 25 km. de Los Mochis y aún conserva casonas coloniales y tiene calles adoquinadas.\"},{\"nombre\":\"Cultura Mayo-Yoreme\",\"descripcion\":\"Las poblaciones de San Miguel Zapotitlán y La Florida son habitadas por indígenas Mayo – Yoreme, son famosas sus fiestas en Semana Santa.\"},{\"nombre\":\"Otros sitios\",\"descripcion\":\"En Los Mochis están la Casa de la Cultura Conrado Espinoza, el Cerro de la Memoria, el Teatro Ingenio, el Museo Interactivo Trapiche.\"}]}',2,1),(3,'{\"actividades\":[{\"nombre\":\"Bahía Santa María\",\"descripcion\":\"La inmensidad de la bahía, con sus inconmesurables aguas cristalinas, la convierten en un lugar de excepción para el ecoturismo, pesca deportiva y el buceo. Conoce de cerca la asombrosa riqueza de sus fondos marinos, incluso se puede tener la experiencia de nadar en ellos.\"},{\"nombre\":\"Isla El Rancho \",\"descripcion\":\"Un verdadero paraíso para los amantes de las aves, aquí habita una numerosa colonia de pájaros Bobos Patas Azules. Estas hermosas aves son un guiño al arco iris, con sus pechos blancos, sus alas negras y sus patas de intenso color azul que dan nombre a la especie.\"},{\"nombre\":\"Bahía Playa Colorada\",\"descripcion\":\"El extremo norte de la bahía de Santa María está flanqueado por una laguna abierta de cerca de 11,000 hectáreas de extensión, rodeada de mangles y esteros. Playa Colorada tiene la peculiaridad de ser transitable durante la bajamar, a través de un canal natural, mientras que en la pleamar cuenta con un metro de tirante.\"},{\"nombre\":\"Isla Coyotía\",\"descripcion\":\"Con sus apenas 200 metros de extensión, ésta es la isla más pequeña de la bahía, aunque también una de las más hermosas, formada por un cúmulo de miles de conchas de ostras, que dibujan con su blancura la superficie insular. Muchas teorías apuntan a que este pequeño islote fue en el pasado un lugar de culto de los antiguos nahuas, dada la disposición de las conchas en torno a una estructura circular. Sea cual fuere el origen del montículo, lo cierto es que en la actualidad recrea uno de los puntos más hermosos de la bahía.\"},{\"nombre\":\"Isla Altamura\",\"descripcion\":\"Altamura se puede describir como una gran barrera de arena que separa Santa María del Mar de Cortés, refrenando la fuerza de las olas y permitiendo que el baño en la bahía sea tranquilo y sosegado. La isla está formada en su mayoría por inmensas dunas de arena, aunque también cuenta con zonas verdes, e incluso otras pequeñas islas circundantes. Las costas que dan al mar abierto ofrecen un oleaje bravo extraordinario para practicar surf o moto acuática, mientras que la vertiente orientada a la bahía, resulta ideal para el descanso bajo el sol.\"},{\"nombre\":\"Patolandía\",\"descripcion\":\"Uno de los cotos de caza más prestigiosos del estado, donde la abundancia de patos, palomas y la exhuberante vegetación del entorno conforman un paraje excepcional en el cual perderse. El calendario de caza comienza a principios de noviembre y llega hasta finales de febrero. Durante estos meses, la zona se llena de cazadores atraídos por la abundancia de presas como la belleza del lugar.\"},{\"nombre\":\"Artesanías\",\"descripcion\":\"En Angostura, se realizan trabajos artesanales de alfarería con loza sin ser engretada como macetas, ollas y tinajas de barro. En el municipio también destacan los tejidos de redes y atarrayas, especialmente utilizados para faenas de pesca.\"}]}',1,2),(4,'{\"actividades\":[{\"nombre\":\"Iglesia de San Pedro\",\"descripcion\":\"Construcción de estilo colonial del siglo XIX.\"},{\"nombre\":\"Plazuela Miguel Hidalgo\",\"descripcion\":\"El sitio muestra evidencias arqueológicas de ocupación del periodo clásico, entre los años 600 y 900 de nuestra era.\"},{\"nombre\":\"Museo Comunitario (antigua Presidencia Municipal)\",\"descripcion\":\"Espacio donde los integrantes de la comunidad construyen un autoconocimiento colectivo, propiciando la reflexión, la crítica y la creatividad. Fortalece la identidad, porque legitima la historia y los valores propios, proyectando la forma de vida de la comunidad hacia adentro y hacia fuera de ella. Fortalece la memoria que alimenta sus aspiraciones de futuro.\"},{\"nombre\":\"Antigua Hacienda de la Esperanza\",\"descripcion\":\"A pesar de que únicamente se conservan sus ruinas, aun puede apreciarse la distinción y la presencia que debieron caracterizar a esta magnífica hacienda, construida a finales del siglo XVIII. La Esperanza perteneció a una próspera familia, aunque con el paso del tiempo acabó convirtiéndose en una de las casa particulares de Porfirio Díaz y, posteriormente, pasó a manos del general Macario Gaxiola Urías, gobernador del estado.\"},{\"nombre\":\"Palacio Municipal\",\"descripcion\":\"Este moderno Palacio Municipal, constituye un verdadero orgullo para los angostureses, es sin lugar a dudas una obra extremadamente bella, pero también muy necesaria y pertinente, que tiene un proyecto de duración de más de 80 años.\"},{\"nombre\":\"Mercado\",\"descripcion\":\"Punto de encuentro que permite a consumidores, comerciantes y gestores el intercambio día a día de productos locales para la beneficiancia de los angosturences. Aquí encontrarás productos frescos regionales alimenticios y artesanales.\"}]}',2,2),(5,'{\"actividades\":[{\"nombre\":\"Presa Adolfo López Mateos\",\"descripcion\":\"También conocida como el Varejonal, este dique en las aguas de los ríos Badiraguato y Humaya, en un territorio comprendido entre los municipios de Badiraguato y Culiacán. En sus aguas abundan especies de tilapia, lobina y bagre. Los alrededores de la presa, llenos de vegetación, constituyen un atractivo para los amantes de la naturaleza y aficionados a la caza deportiva, ya que abundan especies de venado, guajolote silvestre, paloma y codorniz.\"},{\"nombre\":\"Surutato\",\"descripcion\":\"Bosques de pinos y encinos de abren al norte de Badiraguato formando un precioso jardín, al cual escapar cuando el espíritu anhela el contacto con la naturaleza. La pintoresca población de Surutato, es un pequeño paraíso para los amantes del campo, las actividades al aire libre y de la caza deportiva. La temperatura es aproximadamente 10 grados menor que en sus alrededores, por lo que es un excelente refugio en los días más calurosos.\"},{\"nombre\":\"Río Badiraguato\",\"descripcion\":\"Las orillas del río Badiraguato siempre son una buena opción para pasar un día agradable, ya sea nadando en sus aguas o paseando a la sombra de los frondosos árboles que crecen en la orilla. Otros acuíferos interesantes son El Charcón, La Cajosa, Arroyo Grande o la Laguna del Batamanea. Donde además se puede practicar la pesca deportiva. La cercana presa Heladio Serrano Gastélum también es una buena alternativa para pescar y practicar deportes acuáticos.\"},{\"nombre\":\"El Puchero, El Triguito y Santa Rita\",\"descripcion\":\"Son otras de las poblaciones interesantes de los alrededores de Badiraguato. Donde la naturaleza sigue dando buena cuenta de su esplendor y generosidad, inundando el territorio de pinos, manzanos, perales y un sinfín de flores de decenas de colores.\"},{\"nombre\":\"Centro Eco turístico El Perico\",\"descripcion\":\"En las inmediaciones de Surutato se encuentra el Centro Ecoturístico El Perico, donde se rentan cabañas de madera para pasar el fin de semana y disfrutar de una enriquecedora experiencia de turismo rural.\"}]}',1,3),(6,'{\"actividades\":[{\"nombre\":\"Iglesia San Juan Bautista \",\"descripcion\":\"Edificado a mediados del siglo XIX, refleja la gran historia que envuelve la fe de los creyentes Badiraguatences.\"},{\"nombre\":\"Ruinas de la Capilla del Panteón \",\"descripcion\":\"Admira las ruinas de un antiguo panteón, construida en 1841.\"},{\"nombre\":\"Palacio Municipal\",\"descripcion\":\"Monumento que adorna las tranquilas calles de Badiraguato rememoran las gestas históricas acaecidas en el pasado.\"},{\"nombre\":\"Plazuela Miguel Hidalgo\",\"descripcion\":\"Pintoresca plazuela donde puedes caminar, disfrutar de un rico raspado y pasar una tarde agradable.\"},{\"nombre\":\"Casa de la Cultura Dr. Héctor R. Olea\",\"descripcion\":\"Aquí encontrará un pequeño museo, donde pueden verse documentos, objetos y piezas de artesanía local.\"},{\"nombre\":\"Parque La Alameda\",\"descripcion\":\"Se localiza en las riberas del río Badiraguato, cuenta con varios atractivos, como dos canchas de voleibol, una cancha de futbol, área de juegos infantiles, mesas, asadores, tirolesa, un mirador en lo alto de un árbol, un pequeño muelle, palapas, y dos lagos.\"}]}',2,3),(7,'{\"actividades\":[{\"nombre\":\"Copala\",\"descripcion\":\"Visita, Copala a 24 km. Enclavado en las estribaciones de la Sierra Madre Occidental, la pequeña población conserva casi intacto el aire provinciano de la época colonial. Entrar en Copala significa entrar en un paraíso donde el tiempo parece haberse detenido entre las callejuelas empedradas y empinadas. Visita la Iglesia de San José, obra cumbre del barroco colonial de la región. Los orígenes mineros de la región se ponen de manifiesto en un pequeño Museo Minero, conocido como la Casa de la Piedra, donde se exhiben gran variedad de objetos utilizados en los trabajos de las minas.\"},{\"nombre\":\"Observación de aves y senderismo\",\"descripcion\":\"En la comunidad de El Palmito, se encuentra uno de los ecosistemas más frágiles e impresionantes de la Sierra Madre Occidental “La Reserva de la Chara Pinta”. Este lugar ofrece cabañas para disfrutar de una de las mejores alternativas de recreación con la familia y amigos.\"},{\"nombre\":\"Pánuco\",\"descripcion\":\"Antiguo poblado minero por cuyas calles empedradas aún puede sentirse la añoranza por los tiempos coloniales en los que la riqueza del suelo parecía no tener fin.\"},{\"nombre\":\"Mesillas\",\"descripcion\":\"Recorre las calles de Mesillas, visita sus mueblerías, artesanos y talleres. Conoce el proceso de elaboración de muebles de la más alta calidad, de seguro te encantarán.\"},{\"nombre\":\"Malpica\",\"descripcion\":\"Considerada como uno de los principales asentamientos de la cultura Totorame. En este pueblo podrá visitar la fábrica de mosaicos y disfrutar de un delicioso pan recién salido del horno.\"},{\"nombre\":\"Monte Mojino\",\"descripcion\":\"Reserva Ecológica con 200 mil hectáreas de selva tropical seca, alberga a 37 comunidades y una extensa biodiversidad tanto de flora como de fauna.\"},{\"nombre\":\"El Verde\",\"descripcion\":\"La pequeña comunidad de El Verde, se caracteriza por la sencillez de sus casas y de sus desérticas calles donde puede verse el trabajo diario de una población eminentemente rural. No dejes de visitar el museo comunitario General Domingo Rubí y la fábrica de pinole originaria del verde.\"},{\"nombre\":\"Aguacaliente de Gárate\",\"descripcion\":\"Es famosa por sus dos ojos de aguas termales y sus jugosas ciruelas. Disfrute de un recorrido por sus casonas de la época colonial pertenecientes al siglo XVIII.\"},{\"nombre\":\"Puente Baluarte\",\"descripcion\":\"Certificado por el Record Guinness por el puente atirantado más alto del mundo, maravilla de la más avanzada tecnología. Disfruta de la increíbles panóramicas a la Sierra Madre Occidental.\"},{\"nombre\":\"Caza Deportiva\",\"descripcion\":\"Los campos de Pánuco y de la vecina comunidad de El Palmito cuentan con espacios para la caza deportiva. El calendario cinegético comienza el 1 de noviembre y finaliza el 28 de febrero.\"},{\"nombre\":\"Artesanía\",\"descripcion\":\"Concordia es caracterizado por su riqueza y diversidad artesanal. La abundancia de las maderas preciosas en la zona, como el cedro, ha propiciado talleres madereros, donde se fabrican muebles de corte colonial. También existe una importante tradición de elaborar objetos de cestería y palma. \"}]}',1,5),(8,'{\"actividades\":[{\"nombre\":\"Iglesia de San Sebastián\",\"descripcion\":\"Edificada durante s.XVIII, el Templo de San Sebastián es una hermosa construcción que adorna el centro del a ciudad. Su portada barroca de cantera roja, está profusamente labrada.\"},{\"nombre\":\"La Casa de Piedra\",\"descripcion\":\"Protagonista de varias leyendas, como la existencia de un túnel que lo conecta a la Iglesia San Sebastián. Actualmente en la Casa de Piedra se encuentra el archivo histórico.\"},{\"nombre\":\"Palacio Municipal\",\"descripcion\":\"Edificio de estilo neoclásico, construido a principios del siglo XX de elegante estilo francés. La fachada finamente decorada con pilastras almohadillas, ostenta un llamativo reloj público. El patio interior, por su parte, alberga una voluminosa roca recubierta de grabados prehispánicos de formas variadas.\"},{\"nombre\":\"Plazuela Morelos\",\"descripcion\":\"Pintoresca plaza principal donde se alza un agradable kiosko y el monumento a la Silla.\"},{\"nombre\":\"Museo Regional MURCO\",\"descripcion\":\"Exibe el patrimonio arqueológico, antropológico e histórico de Concordia. Este Edificio anteriormente operaba como cárcel municipal.\"},{\"nombre\":\"Capilla del Carmen\",\"descripcion\":\"Construida en 1720 \"}]}',2,5),(9,'{\"actividades\":[{\"nombre\":\"Reserva Ecológica de Nuestra Señora\",\"descripcion\":\"A tan sólo 12km de Cosalá, se encuentra la segunda reserva ecológica más grande de nuestros país uno de los lugares turísticos que forman parte del inventario del Pueblo Mágico. Se trata de un espacio de 5,000 hectáreas, lleno de bosques tropicales caducifolios, con 14 especies de mamíferos, 9 de reptiles y 108 aves. Se encuentra gran diversidad de especies faunísticas, destacan la guacamaya verde, el ocelote, loro corona lila, la onza, águila culirrufa, aguililla gris, buhó, iguanas, etc.\"},{\"nombre\":\"Vado Hondo\",\"descripcion\":\"A solamente 12 kilómetros de la cabecera municipal, es posible llegar a las \'Cascadas de Vado Hondo\'. Sitio de singular belleza rodeado de una exhuberante vegetación en el se encuentran una serie de cascadas y pozas naturales que resultan ideales para practicar la natación, el senderismo, la observación de flora y fauna. la toma de fotografía así como la realización de cabalgatas.\"},{\"nombre\":\"Grutas México\",\"descripcion\":\"Las entrañas de la tierra esconden secretos que son causa de asombro y misterio, y en las Gruta México hallarás la oportunidad de descubrirlos. Distantes del pueblo 17 km por caminos agrestes y paisajes encantadores, en estas frías y enormes cavidades que llegan a alcanzar más de 250 metros de profundidad, observarás enormes estalactitas y múltiples formaciones.\"},{\"nombre\":\"Charco Azul\",\"descripcion\":\"El Charco Azul consiste en una serie de pozas y cascadas naturales, que a diferencia de otros lugares tienen presencia de agua durante todo el año. Este sitio se caracteriza por la belleza de su entorno natural, en el marco de la serranía cosalteca, con presencia de una gran variedad de especies vegetales y animales, la coloración de sus aguas de un azul turquesa le han dado origen a su nombre \'El Charco Azul\'.\"},{\"nombre\":\"Sindicatura \'El Rodeo\'\",\"descripcion\":\"En algunas comunidades como El Rodeo se han vuelto especialistas en trabajos de talabartería como lo son sillas de montar, cintos, fustes, huaraches, también en jarciería como lo son hamacas, morrales, cordeles, etc.\"},{\"nombre\":\"Presa José López Portillo \'El Comedero\'\",\"descripcion\":\"A unos 20 kms. Al norte de Cosalá se encuentra la presa José López Portillo popularmente conocida como El Comedero. Se localiza en la frontera con el Estado de Durango. Construida entre 1977 y 1983, su cortina tiene 160 metros de altura máxima y 250 metros de longitud. Son muchos los pescadores que acuden a esta agua en busca de ejemplares de lobina y tilapia.\"}]}',1,6),(10,'{\"actividades\":[{\"nombre\":\"Iglesia de Santa Úrsula\",\"descripcion\":\"La plaza principal se encuentra la Parroquia de Santa Úrsula, una construcción sobria y elegante del siglo XVII que la esquina norte de la sacristía conservar un interesante reloj solar de más de 200 años de antigüedad. Para salvar sus almas del infierno o del pugatoria, cooperaron para levantar el Templo de Santa Úrsula.\"},{\"nombre\":\"Capilla de Nuestra Señora de Guadalupe\",\"descripcion\":\"La Iglesia más antigua del municipio es la Capilla de Guadalupe, edificada por los franciscanos, toda de adobe excepto los remates de las esquinasy las bases que son de cantera, el frente es de laja enchapada pero se desconocía esto hasta en el año de 1974 se descubrió, hasta entonces permaneció enjarrada con mezcla, que cubría  el enchapado y al retirar los enjarres surgió el frente original. Otra peculiaridad de la igelsia se encuentra bajo la superficie, en el subsuelo. Aquí se oculta un túnel que conduce directamente al lugar donde antes se ubicaba el convento franciscano del que dependía, y que fue abandonado en el siglo XIX. El edificio del antiguo convento se emplazaba en las actuales calles de Hidalgo y Heraclio Bernal, y resulta difícil pasear por ellas sin dejar de imaginar las intrigas y misterios acaecidos bajo tierra.\"},{\"nombre\":\"Centro Histórico\",\"descripcion\":\" Cosalá existen atractivos históricos, culturales y naturales , algunos de los principales son el centro histórico, la zona de monumentos, el kiosko, el Museo de Minería e Historia, la Plaza de Armas, el Templo de Santa Úrsula, la Capilla de la Virgen de Guadalupe, los Conventos Jesuitas y Franciscanos, la Casa de Palacio Federal en la época de la Reforma, la Chinche, el Callejón Luis Pérez Meza, exquisito rincón colonial; la Quinta MInera representativa de lo más lujoso de la época y el Palacio Municipal.\"},{\"nombre\":\"Palacio Municipal\",\"descripcion\":\"Su arquitectura antigua consiste en una edificación con un patio central rodeado por pasillos y enmarcado por una serie de arcos. Anteriormente una de las casonas de los hacendados de Cosalá.\"},{\"nombre\":\"Museo de Minería e Historia\",\"descripcion\":\"Conocer el pasado cosalteco ha encontrado la mejor forma en el Museo de Minería e Historia. Este caserón del siglo XVIII ilustra en cinco salas los orígenes y desarrollo histórico del municipio mediante la exhibición de objetos arqueológicos y paleontológicos, así como una interesante colección de pinturas y objetos antiguos.\"}]}',2,6),(11,'{\"actividades\":[{\"nombre\":\"Catedral de Nuestra Señora del Rosario\",\"descripcion\":\"El repicar de campanas y la altivez de sus dos torres que a distancia atraen las miradas, te conducirán a la Catedral de Culiacán. Presidida por la imagen en bronce del Arcángel San Miguel santo patrono de la ciudad, ésta joya arquitectónica, ornamentada con columnas neoclásicas y formas neobarrocos se levanta a dos metros del suelo e inicia su edificación en 1842, terminándose de construir en 1885.\"},{\"nombre\":\"Palacio Municipal\",\"descripcion\":\"Los muros de cantera del actual Palacio Municipal tienen mucho que contar. Construido entre 1838 y 1842 para albergar inicialmente al Seminario Conciliar, este robusto edificio de estilo ecléctico, dos plantas, patio central y corredores con arcos de medio punto, ha sido utilizado como cuartel, hospital de sangre, hospicio, escuela y Palacio de Gobierno.\"},{\"nombre\":\"Santuario de Nuestra Señora de Guadalupe\",\"descripcion\":\"\'La Lomita\' El Santuario de Nuestra Señora de Guadalupe posee motivos de sobra para visitarlo. Situado sobre una pequeña loma de ahí su cariñoso nombre de La Lomita desde donde se aprecia todo el valle, su edificación integra una técnica constructiva basada en losas de concreto con formas paraboloides hiperbólicas. Asimismo, son de admirar sus cinco artísticos vitrales que describen memorables pasajes guadalupanos.\"},{\"nombre\":\"Puente Negro\",\"descripcion\":\"El centenario Puente Negro de casi un kilómetro de longitud, tiene un lugar destacado en la historia de la ciudad. Al enlazar por primera vez, en 1907, los márgenes del río Culiacán, abrió las puertas para conectar por ferrocarril a la capital con el norte del país y la frontera de los Estados Unidos. Actualmente iluminado por las noches, es uno de los sitios predilectos para admirar los hermosos atardeceres de la ciudad.\"},{\"nombre\":\"Museo de Arte de Sinaloa (MASIN)\",\"descripcion\":\"El edificio que lo alberga fue construido en 1837 y en sus inicios fue casa consistorial, morada del obispo y altos clérigos; después fue residencia oficial y Palacio de los Poderes del Estado. En él se juró el refrendo de la Constitución en 1857. Resguarda uno de los principales acervos plásticos del noroeste de México, el cual consta de más de 400 piezas, entre las que destacan la colección de la Escuela Mexicana de Pintura de fines del siglo XIX hasta nuestros días. En ella se encuentra el autorretrato de Diego Rivera de 1906, así como obras de Juan Cordero, Francisco Goitia, Roberto Montenegro, Gerardo Murillo (Dr. Átl), José Luis Cuevas, Lilia Carrillo, Francisco Toledo, Rufino Tamayo, Pedro Coronel y Francisco Moreno Capdevila, entre otros.\"},{\"nombre\":\"Templo del Sagrado Corazón de Jesús (El Santuario)\",\"descripcion\":\"El templo del Sagrado Corazón de Jesús, más conocido como el Sanutario, fue construido en 1908 y esta considerado como uno de los edificios más destacados de la arquitectura porfiriana culiacanense. El Sanutario nació como parte de una congregación francesa. La construcción presenta una peculiar orientación diagonal, algo que permite que el atrio luzca más espléndido y amplio. Resalta también su magistral portada, rematada por una torre campanario con cúpula de azulejos de colores. La azotea del santuario fue escenario de lucha de la heroica Valentina Ramírez, mujer tenaz que se hizo pasar por hombre en la guerra contra los maderistas, dentro de las filas del ejército de älvaro Obregón.\"},{\"nombre\":\"Mercado Garmendia\",\"descripcion\":\"La capital sinaloense ofrece la posibilidad de hacer compras a la antigua usanza en este mercado tradicional, disfrutando del trato con el vendedor, de sus consejos y su conversación al tiempo que se admira la extraordinaria estructura que lo alberga, formada por tres armazones metálicos de notable envergadura, obra de Crisóforo Avendaño, de 1914.\"},{\"nombre\":\"Jardín Botánico Culiacán \",\"descripcion\":\"Ven a conocer el Jardín Botánico, considerado el mejor del país en su tipo y recorre la hermosa colección de arte contemporáneo con más de 37 artistas internacionales, rodeado de una muestra botánica internacional con más de mil deferentes especímenes de plantas, considerada una de las más importantes del país.\"},{\"nombre\":\"Parque Ernesto Millán Escalante\",\"descripcion\":\"El Parque Ernesto Millán Escalante un verdadero complejo natural, recreativo, cultural y deportivo. Con una superficie de 52 hectáreas, el también conocido Parque 87 ofrece canchas de fútbol, béisbol, básquetbol, voleibol, tenis y frontón; alberca olímpica, fosa de clavados, chapoteaderos, velódromo y pistas de ciclismo y patinaje.\"},{\"nombre\":\"Museo Interactivo sobre las Adicciones MIA\",\"descripcion\":\"Culiacán cuenta con el único Museo Interactivo sobre las Adicciones del Mundo. Además MIA es un museo donde adquieres conocimiento y te diviertes con sus 31 módulos interactivos que te tocarán y estimularán todos tus sentidos, gracias al uso de tecnologías 3D, Realidad Virtual Aumentada y Sistemas de Inmersión.\"},{\"nombre\":\"Fuentes Danzantes\",\"descripcion\":\"Formando parte del Desarrollo Urbano Tres Ríos, en este alarde de tecnología e imaginación, múltiples y elegantes hilos de agua brotan alegres y se iluminan al compás de la música para crear una bellísima coreografía de color, luz y movimiento que se acentúa con la belleza natural de su entorno.\"},{\"nombre\":\"Centro de Ciencias de Sinaloa\",\"descripcion\":\"En el centro de ciencias se encuentra el quinto meteorito más grande del mundo: El Meteorito de Bacubirito, con peso calculado de entre 19 y 23 toneladas. Conoce y ten contacto con la ciencia y tecnología a través del museo interactivo conformado por 10 salas de exhibición. Viaja al destino cósmico a través del sistema tridimensional (3D), la nueva atracción del planetario Arcadio Poveda.\"},{\"nombre\":\"Zoológico de Culiacán \",\"descripcion\":\"Más de 400 mil personas visitan al año el zoológico de Culiacán, que cuentra con una gran variedad de especies como el león blanco, jaguares, tigres, jirafas y leopardos, entre otros. Trae a tu familia y sumérgete en un mundo fascinante en uno de los zoológicos más importantes del país, en donde encontrarás diversas especies africanas como cebras, antílopes y además podrás tocar y alimentar al animal más alto del mundo: la jirafa.\"},{\"nombre\":\"Parque Las Riberas Aventura\",\"descripcion\":\"El Parque Las Riberas, es el único parque ecoturístico situado en el noroeste del país, en donde podrás realizar actividades al aire libre como ciclismo, caminata; observar especies de reptiles y aves, además de realizar actividades de aventura como atravesar el Río Tamazula en tirolesa o conquistar la cima del muro escalada.\"},{\"nombre\":\"Paseo del Ángel / Barrio Histórico. \",\"descripcion\":\"Ubicados en el centro Histórico de la ciudad, estos dos espacios de entretenimiento al aire libre son el marco perfecto para una cena de negocios o un paseo recreativo después de una jornada de trabajo.\"}]}',1,7),(12,'{\"actividades\":[{\"nombre\":\"Isla de Oraba\",\"descripcion\":\"La familias suelen acudir a la Isla Oroba para disfrutar de un agradable día de descanso o degustar una comida campestre, a escasos munitos del casco urbano. Un pequeño paraíso de 33,200 hectáreas de extensión, ubicado en el lugar donde se unen los ríos Humaya y Tamazula, para formar el río Culiacán.\"},{\"nombre\":\"Granja de Cocodrilos\",\"descripcion\":\"Situado a 25 km de la capital, Cocomex es la mayor granja de cocodrilos de México. Mas de 35,000 ejemplares viven a sus anchas por las cinco hectáreas de extensión, donde abundan los pantanos. Aquí se puede conocer las peculiaridades de la cría de cocodrilos y observar a estos feroces animales casi desde el momentode su nacimiento, cuandotan sólo tienen el tamaño de una lagartija.\"},{\"nombre\":\"Club de Caza Pichiguila\",\"descripcion\":\"Situado a 25 km de la capital, Cocomex es la mayor granja de cocodrilos de México. Mas de 35,000 ejemplares viven a sus anchas por las cinco hectáreas de extensión, donde abundan los pantanos. Aquí se puede conocer las peculiaridades de la cría de cocodrilos y observar a estos feroces animales casi desde el momentode su nacimiento, cuandotan sólo tienen el tamaño de una lagartija.\"},{\"nombre\":\"Imala\",\"descripcion\":\"Imala es un centro recreativo muy tradicional para los culiacanenses. Se encuentra a menos de 15 kilómetros de la ciudad, en dirección este. Además de contar con una bonita iglesia de piedra del siglo XIX dedicada a San Juan Bautista, tiene balnearios de aguas termales para toda la familia (alcanzan los 50 grados centígrados), y uno de los salones y spas más completos del norte del país: Kenysh.\"},{\"nombre\":\"Petroglifos de Jotagua\",\"descripcion\":\"Para quienes gustan del arte prehistórico en los alrededores de Jotagua se ha establecido un parque recreativo, donde se pueden apreciar los petroglífos que existen en el lugar, y además, pasar un agradable día de campo disfrutando del cauce del río Tamazula en el área de palapas, asadoresy otras facilidades.\"},{\"nombre\":\"Presa Sanalona\",\"descripcion\":\"Ubicada en las inmediaciones de la pequeña población del mismo nombre, a 24 km al este de la capital. Lugar idóneao para dar paseos en lancha o practicar la pesca deportiva de lobina, mojarra y bagre. En los alrededores de la presa se encuentra el Parque Ecoturístico de Sanalona, zona de abundante vegetación y acondicionado con asadores y palapas, excelente para disfrutar en familia y practiar deporte.\"},{\"nombre\":\"Corredor gastronómico Bacurimí - Culiacancito\",\"descripcion\":\"Ubicada en las inmediaciones de la pequeña población del mismo nombre, a 24 km al este de la capital. Lugar idóneao para dar paseos en lancha o practicar la pesca deportiva de lobina, mojarra y bagre. En los alrededores de la presa se encuentra el Parque Ecoturístico de Sanalona, zona de abundante vegetación y acondicionado con asadores y palapas, excelente para disfrutar en familia y practiar deporte.\"},{\"nombre\":\"Costa Rica\",\"descripcion\":\"Si quieres disfrutar de campos verdes salteados de huertas y plantaciones que se alinean a orillas del río San Lorenzo, visita Costa Rica. Una población a 25 km de Culiacán, sus calles son tranquilas y apacibles con aire señorial de los años de bonanza de numerosas industrias procesadoras de la caña de azúcar. Visita el Templo del Sagrado Corazón de Jesús y sus alrededores donde puedes observar ranchos ganaderos y haciendas rodeadas de praderas y bosques.\"},{\"nombre\":\"Petroglífos Tacuichamona\",\"descripcion\":\"Por la carretera federal 15 hasta el desvío a Tacuichamona a 40 km de la capital en dirección al sureste visita un lugar con vestigios prehispánicos, de mitos y leyendas. Esta localidad llama la atención por su estructura circular, rústica, sencilla y con mucha naturaleza. La cantidad de petroglífos en el lugar dibujados en las rocas y planicies de los montes cercanos es impresionante. Sus orígenes se remontan miles de años atrás, dando buena cuenta de las inquietudes artísticas y expresivas de antiguos grupos nómadas.\"},{\"nombre\":\"Tabalá\",\"descripcion\":\"Lugar donde se cornservan las ruinas de un antiguo templo rodeado de criptas en las que descansan los restos mortales de los misioneros jesuitas que habitaron la zona durante siglos XVI y XVII. A 4 km visita el pueblo de San Lorenzo, poblado por antiguas casonas y otras construcciones del virreinato. Destaca el Templo de San Lorenzo, que guarda en su interior objetos ceremoniales utilizados por los jesuitas durante la evangelización. Reconforta el paladar con su gastronomía local. En la zona se preparan deliciosas arepas rellenas de queso, carne de cabrito y verduras, cubiertas de salsas de intenso sabor.\"},{\"nombre\":\"Quila\",\"descripcion\":\"Población de marcado estilo colonial, conserva interesantes construcciones virreinales entre la sombra de los álamos que la circundan. Visita la Plaza Principal, presidida por un kiosko decorado con filigranas. Además visita el Museo Comunitario en la que se exhiben piezas arquológicas, fotografías antiguas y otros peculiares objetos, como la pistola que perteneció a Heraclio Bernal.\"},{\"nombre\":\"Artesanía\",\"descripcion\":\" centro artesanal por excelencia es Imala, donde se desarrollan ollas, y actualmente realizan obras en cerámica como tazas, platos y ceniceros pintados a mano. En la ciudad es común la realización de bules decorados y piezas decorativas como macetas y cazuelas de barro.\"}]}',2,7),(13,'{\"actividades\":[{\"nombre\":\"El Cerro de la Máscara\",\"descripcion\":\"Todo amante de la cultura se verá atraído por esta zona arqueológica, la más rica en petrograbados en Sinaloa, Distribuidos desde la base del cerro, en sus faldas y hasta la cúspide. Vestigios dejados por los mayos que habitaron la región antes de la conquista. El lugar tiene la declaratoria de Área Natural Protegida.\"},{\"nombre\":\"Pueblo Los Capomos\",\"descripcion\":\"Visita obligada para todo turista nacional o extranjero donde apreciará, en su originalidad, las manifestaciones artísticas de la danza y música indígena durante sus fiestas tradicionales como Centro Ceremonial: Semana Santa, Día de Muertos y Día de su patrón religioso San Antonio (13 de junio). Esta pequeña comunidad pintoresca se encuentra, saliendo por la carretera El Fuerte - Choix a 8 kilómetros, llegando a la población habilitada por Mayos y Yoris.\"},{\"nombre\":\"Pueblo de Mochicahui\",\"descripcion\":\"Es un pueblo colonial de orígen prehispánico, allí se fundó una misión Jesuita en 1614 cuyos restos pueden apreciarse aún en el centro del poblado; cuenta con figuras de Santos de siglo XVIII en el arte tequitqui muy propio de los artistas locales, famoso por sus festividades tradicionales, ya que si centro ceremonial es uno de los más grandes y activos en el norte de Sinaloa.\"},{\"nombre\":\"La Galera\",\"descripcion\":\"Sitio de recreación familiar a orillas del Río Fuerte, cuenta con los servicios de restaurant de mariscos, adador para caminatas, asadores para preparar comidas a la sombra de frondosos árboles, aplio estacionamiento vehicular y un puente colgante para cruzar el ancho río admirando el caudal de las tranquilas aguas.\"},{\"nombre\":\"Aguas Termales de Jipago\",\"descripcion\":\"A 11 km de El Fuerte, se encuentra una zona rica en aguas termales, es un centro de salud y spa que se ubica cerca de las presas Josefa Ortiz de Domínguez y Miguel Hidalgo. Las aguas aquí alcanzan temperaturas de hasta 40 grados, ideal para relajar el cuerpo, la mente y desconectarse del estrés cotidiano en un entorno excepcional.\"},{\"nombre\":\"Río Fuerte\",\"descripcion\":\"Es la fuente de vida y del desarrollo de todo el norte de Sinaloa. Nace en Chihuahua y hace un recorrido de más de seiscientos kilómetros alimentando tres presas que controlan sus aguas para irrigar miles de hectáreas creando la zona agrícola más rica del campo sinaloense. En el municipio hay dos presas q ue son un atractivo muy importante: La Miguel Hidalgo y la Josefa Ortiz de Domínguez.\"},{\"nombre\":\"Artesanía\",\"descripcion\":\" cestería, mueblería, tejidos de palma, alfarería, ebanistería y textilería conforman las artesanías de este municipio que posee una de las muestras más ricas del Estado de Sinaloa, destacando hermosos trabajos artesanales elaborados principalmente por artesanos yoremes.\"}]}',1,8),(14,'{\"actividades\":[{\"nombre\":\"Plaza de la Constitución\",\"descripcion\":\"Entre 1800 y 1850, en este terreno baldío, se concentraba la población para celebraciones religiosas, cívicas, militares, tradicionales. Para 1850 ya se le designaba Plaza de Armas contando con apenas elementos necesarios para estas celebraciones. La Plazuela es el punto de reunión de toda la sociedad fortense que suele pasear los fines de semana para disfrutar de domingos culturales que se desarrollan en el Hemiciclo a Juárez donde se presentan artistas regionales, estatales y nacionales así como se muestra lo logrado en artes por las instituciones educativas.\"},{\"nombre\":\"Palacio Municipal\",\"descripcion\":\"Se inició su construcción en 1903, siendo el Prefecto Político del Distrito de El Fuerte Rafael J. Almada. El diseño estuvo a cargo del Ing. Francisco Salido y la obra estuvo bajo la dirección del Maestro Manuel Castañeda. La obra fue terminada en 1907. Edificio de dos plantas construido casi en su totalidad de ladrillo, pues sólo en la parte posterior tiene pared de cantera, con un patio central circundado de portales con arquerías que se corresponden con los del piso superior.\"},{\"nombre\":\"Museo Fuerte-Mirador\",\"descripcion\":\"En la parte alta de la llamada Loma de La Pila en 2001 se construyó una gran mole de piedra de cantera como una remembranza del Fuerte presidio colonial que, según los historiadores se construyó en este sitio en el siglo XVII.\"},{\"nombre\":\"Mansión Orrantia\",\"descripcion\":\"Edificio histórica construido por Francisco Orrantia en 1800. Conocido por los murales elaborados que fueron pintados en algunas de las paredes.\"},{\"nombre\":\"Los Portales\",\"descripcion\":\"No pueden faltar los famosos portales en la ciudad tan Antigua como El Fuerte. Se localizan al costado poniente de la plaza de armas, adosadas a dos construcciones del siglo XVIII. Los portales están sostenidos por columnas de piedra tallada de forma prismática, pero las columnas más próximas al Templo del Sagrado Corazón son cilíndricas.\"},{\"nombre\":\"Iglesia del Sagrado Corazón de Jesús\",\"descripcion\":\"Por un informe que dió el Obispo Don Pedro Tamarón y Romeral, en visita pastoral a El Fuerte en 1760, se sabe que en esa fecha el templo estaba en construcción sustituyendo a la modesta iglesia de adobe que se ubicaba en el Cerro de Montesclaros.\"},{\"nombre\":\"Casa del Constituyente\",\"descripcion\":\"Ubicada a unas cuadras del Palacio Municipal. Es una finca de piedra que data del siglo XVII; actualmente está fragmentada en varias viviendas estucadas, pero que aún conservan los portales, ventanas y enrejado original.\"},{\"nombre\":\"Casa de la Cultura o Casa de la Bóveda\",\"descripcion\":\"Bella edificación construida de piedra a fines del siglo XVIII. Se le conocía por la Casa de la Bóveda ya que sus techos con esta característica fueron los primeros en esta localidad. A lo largo de los años se ha utilizado como casa particular, Prisión y en años recientes con fines culturales y como Biblioteca.\"},{\"nombre\":\"La Casa mas antigua\",\"descripcion\":\"Según la tradición, rumbo a la salida de la Presa Miguel Hidalgo, por la calle Morelos, existe una humilde finca que, aunque no se aprecian detalles atractivos en su arquitectura, si se observan en su construcción las diferentes etapas que demuestran la antigüedad. El uso del ladrillo le ha dado su resistencia al tiempo. Puede asegurarse que fue levantada a mediados del siglo XVIII.\"},{\"nombre\":\"Callejón del Burro\",\"descripcion\":\"Entre las calles Juárez y Zaragoza, allí donde termina la calle Independencia en el costado este de la Casa de la Cultura, se localiza este Callejón donde se aprecian varias casas antiguas con sis fachadas de cantera y con hermosos botaguas en cantera talladas con detalles arquitectónicos. Se gano el nombre porque en la parte que da a la calle Zaragoza existían grandes árboles donde a la sombra ataban los burros que traían los arrieros o vendedores de los poblados vecinos que transportaban sobre esas bestias los productos que venían a vender por toda la villa.\"}]}',2,8),(15,'{\"actividades\":[{\"nombre\":\"Presa Aurelio Benassini\",\"descripcion\":\"Pesca en la Presa Aurelio Benassini mejor conocida como El Salto, es muy frecuentada por los aficionados a la pesca deportiva ya que en ella abundan especies de Lobina, Tilapia y Bagre, entre otras. En esta presa se organizan torneos internacionales de captura de peces, en los que participan deportistas élite procedentes de Japón, Europa y Canadá.\"},{\"nombre\":\"Playa Ceuta \",\"descripcion\":\"Visita el Campamento Tortuguero en Playa Ceuta, conoce la vida y desarrollo de la tortuga golfina. La misión de este santuario es recolectar los huevos y ponerlos en zonas más seguras dentro del campamento, a salvo de cualquier amenaza animal o humana. Una vez que nacen las crías de tortugas, son devueltas al mar, participa en la liberación de crías de esta especie durante el atardecer.\"},{\"nombre\":\"El Chorrito Encantado\",\"descripcion\":\"El “chorrito encantado” es un venero de agua, rica, a escasos kilómetros de Elota, que para muchos es mágico y para otros medicinales y milagroso. Cientos de personas han pasado por este pequeño manantial.\"},{\"nombre\":\"Petroglifos de Bella Vista\",\"descripcion\":\"Lugar donde se conservan algunos petrograbados realizados por los antiguos pobladores tahues y cahitas, la investigación ha sido muy poca pero es impresionante ver estos vestigios por todo el Estado.\"},{\"nombre\":\"Hornos carboneros de Bella Vista\",\"descripcion\":\"Estos hornos fueron utilizados cuando el ferrocarril mexicano trabajaba con vapor, en este lugar se fabricaba el carbón para hacerlo funcionar, fueron 25 años los que estuvieron trabajando estos hornos de 1896-1921 aproximadamente.\"},{\"nombre\":\"Artesanías\",\"descripcion\":\"En el municipio de Elota, los artesanos elaboran alfarería de barro y distintos muebles de estilo colonial, utilizando maderas de cedro, venadillo, caoba y otras maderas nobles.\"}]}',1,9),(16,'{\"actividades\":[{\"nombre\":\"Templo de la Purísima Concepción\",\"descripcion\":\" principal dedicada a la Purísima Concepción. Durante las fiestas principales dedicadas a la Purísima Concepción y a San Juan, se realiza la danza del maíz, una coreografía creada con el fin de rescatar antiguos rituales de lospobladores de la zona.\"},{\"nombre\":\"Museo Comunitario Elota\",\"descripcion\":\"Este museo alberga fragmentos de pipas, hachas, vasijas, restos de cerámica y vasos de barro encontrados aquí.\"},{\"nombre\":\"Museo Municipal José María Calderón\",\"descripcion\":\"Este museo se fundó en la administración de Héctor Manuel Sánchez Macario, un 22 de enero en 1998, contando con las salas de arqueologías, una de historia general, personajes elotenses y otra de arte sacro. Recientemente se intregó otra nueva sala donde se exponen piezas eclécticas e implementos que actualmente no se utilizan, como es destiladores de piedras, planchas, máquinas de escribir, un baúl y un sinfín de objetos.\"},{\"nombre\":\"Plazuela Elota Gral. Rigoberto Aguilar Barraza\",\"descripcion\":\"Plazuela donde los lugareños ven pasar el tiempo o los domingos se reunen para covivir con los niños. En honor al Gral Rigoberto Aguilar Barraza, se caracterizó por su honradez, promoción de la cultura, constructor de escuelas, servicios de agua potable, del aeropuerto de Culiacán e impulsó leyes para la protección de la infancia y para menores.\"}]}',2,9),(17,'{\"actividades\":[{\"nombre\":\"Teacapán\",\"descripcion\":\"Se encuentra en el municipio de Escuinapa al sur de Sinaloa, en los límites con Nayarit. Su costa forma una enorme zona de humedales, lugar para aventuras ecológicas, como paseos en lancha por los islotes para observar aves, manglares, pequeñas playas vírgenes desde donde pueden verse delfines, así como las misteriosas y milenarias pirámides de conchas construidas por antiguos pobladores de la zona. Se cree que algunas de éstas pueden tener hasta 4,000 años de antiguedad y también se presume que podrían haber tenido algún propósito ritual, pues están construidas con una orientacion definida. La más grande de ellas es conocida como El Calón, y resulta toda una aventura llegar hasta ella, pues hay que hacer un largo trayecto en lancha para después desembarcar en una pequeña isla, calzarse de botas de hule y caminar un rato sobre el fango (la extensión del trayecto depende de la marea). También podrás disfrutar de espléndidas playas como la Tambora, Lupitas o la paradisíaca playa de Las Cabras, sede de uno de los festivales más famosos de Sinaloa ,“Fiesta del Mar de las Cabras” . Playa Espíritu, el nuevo CIP Sinaloa en el municipio de Escuinapa, donde se encuentra el corredor Mazatlán- Teacapán, se proyecta como un destino turístico de alto nivel.\"},{\"nombre\":\"El Mezcal\",\"descripcion\":\"La elección ideal para la Aventura y la Exploración, Ecoturismo El Mezcal te llevara a conocer un lugar llamado Palmito del Verde, Escuinapa. Este sitio se encuentra a tan solo 20 minutos del centro de Escuinapa tomando la carretera Escuinapa-Teacapán. Este es el lugar ideal para embarcarte en una gran aventura, ya sea en kayak o abordo de una lancha.\"},{\"nombre\":\"Jardín Botánico Antonio Hass\",\"descripcion\":\"Conocido como el Edén de Teacapan, este jardín es un lugar majestuoso, hogar de un sinfín de plantas, se ha convertido en un atractivo que ha llevado años conservarlo, se trata de un terreno ubicado en el centro de miles de plantas de mango que se encargan de cuidar este paraíso discretamente.\"},{\"nombre\":\"Rancho Salinero El Manglito\",\"descripcion\":\"Rancho salinero El Manglito, es una agrupación salinera de Escuinapa que trabaja no solo para preservar la actividad que se considera un legado de la región, si no para reactivar un atractivo turístico sustentable.\"},{\"nombre\":\"Isla del Bosque\",\"descripcion\":\"La población costera de la isla del Bosque se sitúa a 15 kilómetros de la cabecera municipal. Destaca por sus extraordinarios cultivos de mango, chile y papaya, entre otras delicias tropicales. El dulce aroma de la fruta madura lo envuelve casi todo.\"},{\"nombre\":\"Artesanías\",\"descripcion\":\"En Escuinapa, se realizan juguetes de barro engretado. También se elaboran las Barcinas, artesanía típica de la región, unas grandes esferas de hoja de palma decoradas con mecate de colores, que originalmente se usaban para conservar el camarón seco durante largas temporadas. Hoy se utilizan principalmente para decoración, aunque si son solicitadas se fabrican con camarones dentro.\"}]}',1,10),(18,'{\"actividades\":[{\"nombre\":\"Iglesia de San Francisco de Asís\",\"descripcion\":\"Imponente con sus colosales dimensiones, su robustez y su sobriedad. Muros de piedra surcados por vanos de medio punto y un enorme torreón coronado por una sencilla cúpula. El interior es igualmente impresionante: hileras de esbeltas columnas configuran el espacio dándole amplitud y luminosidad. En el atrio un vitral de intenso colorido permite que el sol ilumine el altar creando, por momentos, un efecto cromático sorprendentemente singular.\"},{\"nombre\":\"Capilla del Gallo\",\"descripcion\":\"Forma parte de la identidad y cultura del municipio. El 12 de diciembre es la fiesta mayor, donde las personas desde el 11 de diciembre por la noche empiezan su peregrinar a la capilla para estar con la Virgen de Guadalupe.\"},{\"nombre\":\"Casa de la Cultura\",\"descripcion\":\"El lugar ideal para aprender, conocer y disfrutar de nuestra historia, aquí encontrarás una amplia y variada colección de libros, cuentos e información en general, además de talleres y centros de cómputo.\"},{\"nombre\":\"Malecón Siglo XXI\",\"descripcion\":\"Disfruta de bellos atadeceres y camina tranquilamente por este hermoso malecón, se ha convertido en el lugar preferido por los lugareños para pasar momentos agradables en familia o con amigos.\"},{\"nombre\":\"Plazuela Corona\",\"descripcion\":\"Sin duda alguna un sitio de gran interés, todo lo necesario aquí lo encontraras, cuenta con un kiosco municipal, áreas verdes, wifi, zona comercial además de tranquilidad y confort que solo un lugar así te puede ofrecer\"},{\"nombre\":\"Parque Hidalgo\",\"descripcion\":\"En este sitio se encuentra el corredor gastronómico del municipio, aquí encontrarás los platillos típicos de la región, así como también un monumento con historia de Don Miguel Hidalgo y Costilla.\"},{\"nombre\":\"Mercado Municipal\",\"descripcion\":\"El Mercado Municipal, todo en un sólo lugar, desde lo más tradicional hasta lo más interesante, todo para un bonito recuerdo de la Perla Camaronera.\"},{\"nombre\":\"Palacio Municipal\",\"descripcion\":\"Edificio de gran interés en historia que encierra este bello Municipio, sigue creciendo y actualizando su interior.\"},{\"nombre\":\"Monumento a la Bicicleta\",\"descripcion\":\" sitio emblemático para todos los escuinapenses, aquí encontrarás datos interesantes del monumento a la bicicleta, un lugar digno para la foto del recuerdo.\"}]}',2,10),(19,'{\"actividades\":[{\"nombre\":\"Ruinas del templo de San Ignacio\",\"descripcion\":\"A unos 8 km al noreste de Guasave, una construcción del siglo xvi que se derrumbó tras una de tantas inundaciones al subir el nivel del río. Aún pueden verse junto a las ruinas añosas tumbas que obedecen a la costumbre de enterrar a los muertos junto a las misiones.\"},{\"nombre\":\"Pueblo Nuevo de Nío \",\"descripcion\":\"Fundado tras la inundación y derrumbe del primer templo, es conocido como Pueblo Nuevo de Nío, o simplemente Nío; éste también conserva las ruinas de su misión jesuita, la cual quedó inconclusa tras la expulsión de esta orden de territorios españoles en 1767.\"},{\"nombre\":\"Tamazula\",\"descripcion\":\"Se localiza a 18 kilómetros al sur de la cabecera municiál de Guasave, a orillas del río Sinaloa. Siglos atrás existió un importante núcleo colonial, con una próspera misión fundada en el siglo XVI. Un atractivo que no puedes dejar de visitar es el Museo Comunitario en tre los objetos del museo, destacan diversas piezas arqueológicas encontradas en las inmediciones; céramica, utensiliosde piedra, urnas funerarias y distintos adornos. El museo exhibe interesantes punturas, piezas de numismática y animales marinos disecados.\"},{\"nombre\":\"Playa Las Glorias\",\"descripcion\":\"Es la prinicipal playa de bahía de Navachiste, ubicada frente al Golfo de California a 40 kilómetros de la cabecera municipal, lugar donde podrá disfrutar de las hermosas aguas, tranquilas y limpias. Es uno de los destinos favoritos para pasar sus vacaciones o simplemente un agradablñe fin de semana, bajo el sol o diviertiéndose en el agua, podrá disfrutar de caminatas caballo por la orilla del mar o degustar el tradicional y famoso pescado zarandeado que es la especialidad de la región.\"},{\"nombre\":\"Bahía de Navachiste\",\"descripcion\":\"Es un amplio estero de aproximadamente 60 kilómetros de extensión formado por ensenadas, lagunas y un sinfin de islas que conforman un marco ideal para disfrutar bajo el sol de actividades deportivas o ecoturísticas. Las aguas de Navachiste son reposadas, esta zona es preferida por los amantes de la pesca deportiva por su abundancia en peces de distintas especies. Cuenta con otros atractivos como los cerros que las rodean o la presencia de vegetacióna escasos metros del mar. Otra peculiaridad de la Bahía Navachiste es la presencia de vestigios arqueológicos, principalmente petroglifos. Las aguas de la bahía estan surcadas por numerosas islas, ideales para pasar un día de playa en contacto con la naturaleza, el mar y cielo abierto. La isla más popular es la Isla de los Poetas por ser el centro de reunión al que anualmente acuden poetas de distintos puntos del país y del extranjero, Festival Interamericano de Poetas que se realiza cada año en semana santa.\"},{\"nombre\":\"Isla de Los Pájaros\",\"descripcion\":\"La Isla de Los Pájaros, es un santuario de diferentes especies de aves como Pelícanos, Espátulas Rosadas, Gaviotas, Águilas Pescadoras, Cormoranes, Águilas Caracará, Martín Pescador, Ibis Blanco y Negro.\"},{\"nombre\":\"Reserva Ecológica la Uba\",\"descripcion\":\"Es un área que ha quedado fuera del aprovechamiento agrícola, aquí podrás observar flora y fauna silvestre que requiere protección y conservación. Además de ser atractivo paisajístico puede ser de apoyo en actividades culturales y de investigación.\"},{\"nombre\":\"Laguna Uyaqui\",\"descripcion\":\"Hermoso acuífero de aproximadamente mil hectáreas de extensión. El intenso azul de sus aguas y la riqueza natural del entorno, atraen cada fin de semana decenas de visitantes en busca de un día tranquilo para disfrutar las maravillas de la naturaleza. El lugar es muy buscado por amantes de la pesca y caza deportiva, principalmente de Pato Canadiense y Codorniz.\"},{\"nombre\":\"Artesanías\",\"descripcion\":\" Guasave podrás encontrar trabajos artesanales como son la alfarería en cerámica y en barro.\"}]}',1,11),(20,'{\"actividades\":[{\"nombre\":\"Santuario de Nuestra Señora del Rosario\",\"descripcion\":\"Guarda la figura de la virgen del mismo nombre, muy apreciada por la feligresía. Se trata de una iglesia bastante moderna, construida en el centro de la población. La leyenda cuenta que la Virgen del Rosario fue traída desde España para el poblado de Sinaloa de Leyva, y la imagen de San Isidro Labrador se envió a Guasave. No obstante, las mulas que las transportaban tomaron caminos equivocados y así terminaron una en el sitio de la otra. Cuando entre, échele un vistazo al gran candil, regalo de Pedro Infante, dato que está debidamente documentado.\"},{\"nombre\":\"Palacio municipal\",\"descripcion\":\"De moderna estampa basada en la sencillez y el pragmatismo, siguiendo una línea cercana al minimalismo.\"},{\"nombre\":\"Monumentos al Indio Guasavense\",\"descripcion\":\"Engalanando las calles principales de la ciudad esta este monumento instalado con motivo del 400 aniversario de la fundación del lugar.\"}]}',2,11),(21,'{\"actividades\":[{\"nombre\":\"El Quelite\",\"descripcion\":\"El Quelite se distingue por su exquisita gastronomía a base de productos originales como las gorditas de puerco, el queso fresco y el jocoque. Además es un pueblo charro que mantiene muchas de sus costumbres y por supuesto la música de banda. En este antiguo pueblo por donde pasaba el camino real en época de la colonia todavía se practica el Ulama, un juego de pelota de la época prehispánica.\"},{\"nombre\":\"La Noria\",\"descripcion\":\"Es famoso porque aquí se trabaja con gran esmero la talabartería, además de producir todo tipo de objetos de piel como cinturones, adornos, huaraches y otras artesanías. Entrando al pueblo hay un restaurante de comida típica prehispánica y colonial llamado El Sazón de la Abuela Tina, donde preparan requesón, caldo de gallina y tamales de camarón, entre otras especialidades.\"},{\"nombre\":\"El recodo\",\"descripcion\":\"Lugar donde nació La Banda El Recodo de Don Cruz Lizárraga, es un pequeño pueblo pistoresco impregnado de la música de Banda, no hay personaje o niño que no sienta el ritmo. Recorrer sus calles es darse cuenta de la calidad humana de su gente que día a día trabajan con esmero y convierten su trabajo en arte, tal es el caso de los talabarteros con la elaboración desde sillas de montar hasta cintos, llaveros, pulseras; los curtidores de pieles, los productores de huaraches y pinole, este último cuenta con un horno de barro para el maíz, para molerlo y convertirlo en pinole. No dejes de visitar la Plazuela y la Iglesia de la Santa Cruz.\"},{\"nombre\":\"Villa Unión\",\"descripcion\":\"Villa Unión representa rincones plagados de historia entre los vestigios que dejaron la huella de un pasado en las ruinas de la fábrica textilera, de hilos y tejidos La Unión, la cual en 1900 fue pilar económico. Disfrute de su plazuela, su Iglesia y las casonas antiguas que reflejan el poderío económico de familias acaudaladas. Villa Unión también es reconocido a nivel mundial por que aquí se degustan frescos y excelentes pescados y mariscos en el restaurante El ‘Cuchupetas’.\"},{\"nombre\":\"Isla de la Piedra\",\"descripcion\":\"Sin lugar a dudas la Isla de la Piedra es un magnífico paraíso natural que cautivará sus sentidos. Hermosas playas vírgenes y una espectacular flora y fauna son solo algunos de los atractivos que ofrece este singular lugar ubicado al sur de Mazatlán, a un kilómetro por mar o 25 kilómetros por tierra. En sus majestuosas playas podrás realizar diferentes actividades que van desde nadar, bucear y esnorquelear, hasta realizar relajantes caminatas al ritmo del incesante golpeteo de las olas que intentan seducir la cálida y suave arena.\"},{\"nombre\":\"El Verde Camacho\",\"descripcion\":\"En Mazatlán por más de 20 años, se ha logrado proteger a 4,400 nidos y liberado a más de 270,000 crías. La especie más común en nuestras playas es la tortuga golfina y anida de junio a noviembre. El Verde Camacho es un centro de conservación y reproductor de la tortuga marina cuenta con dos salas de conservación y el campamento que trabaja todo el año, pero principalmente en el periodo de julio a noviembre. Se pueden realizar paseos de senderismo guíados y observación de las actividades por la conservación de la tortuga.\"},{\"nombre\":\"Huanacoa\",\"descripcion\":\"Una de las escapadas más divertidas desde Mazatlán es, sin duda, la visita a la vinata donde se produce el destilado de agave Los Osuna, “tequila” sinaloense de excelente calidad. En la destilería pueden verse hornos, barricas de fermentación, molinos y bodegas. La hacienda donde se realiza todo esto es sumamente hermosa: está llena de flores por lo que hasta el más abstemio de la familia disfrutará la visita. Muy cerca de la Vinata Los Osuna se localiza Huana Coa, te ofrece una serie de nueve tirolesas, la última de las cuales sobrevuela precisamente los campos de agave.\"},{\"nombre\":\"Pesca Deportiva\",\"descripcion\":\"En Mazatlán se puede disfrutar de esta actividad pescando frente al mar, desde la playa y frente a las olas con una caña de pescar especies como robalo o corvinas. Mazatlán es uno de los mejores lugares para la pesca deportiva sea con la técnica de troleo o vertical, siete de las nueve especies reservadas para la pesca estan disponibles en el área de Mazatlán. Si es aficionado a la pesca, basta con llegar al área de Marinas, hay dos Marina El Cid y Marina Mazatlán para contratar a la empresa que ustedes decida de pesca deportiva y emprender la aventura para capturar Marlín, pez espada, atún, tiburón mako, pez vela, dorado, wahoo, lobina y pez gallo.\"},{\"nombre\":\"Golf\",\"descripcion\":\"Practicar golf sobre el mar, siempre es un aliciente, y los campos de Mazatlán son especiales en ese aspecto.Terminar de jugar y encontrarte rodeado de una bella Casa Club, con una piscina y terrazas con vista al mar, mezclan una perfecta armonía que hacen de este deporte toda una experiencia. Algunos campos de golf donde podrá practicarlo en nuestro puerto son El Cid Resort, Estrella del Mar, Club Campestre, Marina Mazatlán y Pacific Golf Center. Los campos de golf de Mazatlán de primer nivel incluye a El Cid Resorts diseñado Lee Treviño, Estrella del Mar diseñado por Robert Tren Jones Jr. y Marina Mazatlán diseñado por David Flemming.\"},{\"nombre\":\"Actividades Acuáticas\",\"descripcion\":\"Disfrute de la compañía de su familia y amigos pasando un rato divertido e inolvidable junto a las olas del mar. Mazatlán cuenta con hermosas playas tranquilas, y algunas con oleaje ideal para practicar distintas actividades acuáticas como el windsurf, surf, el buceo, la vela, motos acuáticas, kayak, lancha, lancha de remo, velero, paseo en Banana, paseo en yate por la bahía o en catamarán para apreciar las mas bellas puestas del sol. No deje de visitar las tres islas donde podrá disfrutar de estas actividades en aguas totalmente cristalinas.\"},{\"nombre\":\"Actividades Deportivas\",\"descripcion\":\"Para practicar Tenis la mayoría de los hoteles cuentan con sus propias canchas, en lugares esplendidos frente al mar, si el calor es muy fuerte para usted, tiene la ventaja de practicar Tenis por la noche, los hoteles cuentan con excelente iluminación para juegos nocturnos. Mazatlán cuenta con innumerables y maravillosas canchas públicas y privadas, como el polideportivo de la UAS o clubes como el Club Britania, Club Deportivo Muralla, Casa Club El Cid y hotel Costa de Oro. Si tanto ejercicio lo deja exhausto, la mejor opción es visitar un Spa. Mazatlán pone a su disposición los servicios de excelentes Spas en diversos hoteles de prestigio, donde podrá disfrutar de un buen masaje, sus tratamientos de belleza, terapias de relajación y todos los métodos que le harán sentirse lleno de energía y renovado para continuar con su día. Algunos de los hoteles que cuentan con éste servicio son: Wyndham Las Villas Spa & Massage, Hotel Riu, Hotel Ramada, El Cid Resorts, Emerald Bay, entre otros. Mazatlán es también un lugar único para practicar ciclismo, pudiendo recorrerse grandes distancias en diferentes tipos de terrenos. Este destino turístico cuenta con excelentes pistas como la del Bitachi, las Piedras Blancas y El Malecón. A lo largo del año se llevan a cabo diferentes competencias nacionales e internacionales en los diferentes ámbitos del ciclismo. Para los apasionados del motociclismo que gozan de las emociones fuertes, en Mazatlán podrán encontrar el motocross, arrancones y diferentes exhibiciones de automotores durante las competencias que se llevan a cabo a lo largo del año. Uno de los más eventos más importantes y espectaculares es la Semana Internacional de la Moto, donde se dan cita cientos de motociclistas nacionales y extranjeros para celebrar esta gran fiesta. Si le gusta el Béisbol, no deje de presenciar la afición mazatleca en el Estadio Teodiro Mariscal, casa del equipo de los Venados de Mazatlán, sus encuentros son emocionantes, llenos de alegría y diversión. La temporada Beisbolera arranca en Octubre y termina en Febrero. También es sede de actividades de renombre como el Gran Maratón Pacífico, así como otros torneos internacionales de golf, el surf y pesca deportiva.\"}]}',1,12),(22,'{\"actividades\":[{\"nombre\":\"Catedral Basílica de la Inmaculada Concepcion\",\"descripcion\":\"Ubicada en el centro de la ciudad en la Plazuela República, se encuentra La Catedral de Mazatlán, dedicada a la Inmaculada Concepción. Desde 1899 es el principal templo religioso de la ciudad. Sentada junto a una bella plaza, da la bienvenida al visitante para ofrecer la hermosa vista de un arte con fuerte acento neogótico y algunas influencias neoclásicas, una mezcla de estilos muy de moda en esa época. Destaca por sus espléndidas torres y la majestuosidad del diseño del edificio, que contrasta con los alrededores; sin embargo, la joya de Catedral es un grandioso órgano construido en París por el fabricante Aristide Cavaillie.\"},{\"nombre\":\"Mercado Pino Suárez\",\"descripcion\":\"Es un mercado lleno de tradición y cultura en Mazatlán. Es el más grande y antiguo, es el más surtido, pintoresco y atractivo para sus compras, preferido por locales y turistas. Ahí puede encontrar desde tiendas de artesanías locales, hasta fruterías y carnicerías, además de tiendas de ropa.\"},{\"nombre\":\"Teatro Ángela Peralta\",\"descripcion\":\"Teatro isabelino inaugurado en 1874 como Teatro Rubio. Es uno de los más antiguos del país que continúa estando activo, tras varias remodelaciones adquirió el nombre de la popular cantante mexicana, la historia nos dice que la artista soprano mexicana Ángela Peralta en 1882, no pudo cantar en el teatro tras haberse comprometido, ya que había enfermado gravemente de fiebre amarilla en su trayectoria en barco tras volver de su exitosa gira por Europa. Peralta murió a los pocos días de llegar a Mazatlán. En el segundo piso se puede visitar la Galería Ángela Peralta, donde se exhiben accesorios y vestidos que quedaron del antiguo teatro.\"},{\"nombre\":\"Museo Arqueológico de Mazatlán\",\"descripcion\":\"Una elegante casona del siglo XIX, alberga en su interior este pequeño museo con exhibición de una notable colección de objetos y piezas prehispánicas totorames, xiximes y tahues. En sus distintas salas se pueden encontrar céramicas, objetos funerarios y un sinfín de hallazgos que dan a conocer algunas de las costumbres más arraigadas de los pueblos indígenas del pasado, como es el caso de juego de la ulama o rituales mortuorios.\"},{\"nombre\":\"Museo de Arte\",\"descripcion\":\"Si lo que le interesa son la artes, una buena opción , es el Museo de Arte de Mazatlán, que alberga las obras de grandes artistas mexicanos como Rufino Tamayo, Francisco Toledo, Antonio López Sáenz y José Luis Cuevas, por lo que es sede de grandes exposiciones artísticas en el puerto.\"},{\"nombre\":\"Plazuela Machado\",\"descripcion\":\"Es una de las plazuelas más antiguas y populares de Mazatlán, se construyó en 1837 en lo que hoy conocemos como el Viejo Mazatlán. La Machado, es el lugar predilecto para los festejos de la máxima fiesta de los mazatlecos, El Carnaval Internacional de Mazatlán. Allí se celebra año con año una muestra gastronómica excepcional con los mejores restaurantes y bares de la región y por las noches se convierte en la entrada perfecta para empezar la celebración en Olas Altas.\"},{\"nombre\":\"Capilla de San José\",\"descripcion\":\"Templo de estilo Franciscano esta ubicado en las faldas del \'Cerro de la Nevería\'. Tiene una nave central, carece de detalles decorativos y a diferencia de otros templos no existe una cúpula en el altar. Su altar central es de tipo ecléctico y su cuerpo de madera esta cubierto por decoraciones de hoja de oro, con la imagen de San José cargando al niño Jesús al centro, flanqueado por las imágenes de Santa Teresa de Ávila y de la Inmaculada Concepción, que fueron traídas especialmente de Europa a mediados del siglo XIX por los ricos comerciantes españoles avecindados en la ciudad.\"},{\"nombre\":\"Plazuela de la República\",\"descripcion\":\"Es la Plaza principal de la ciudad y lugar de encuentro para las familias del puerto; cada domingo desde hace treinta años se organiza por la tarde la Hora Municipal, un foro para cantantes y bailarines locales. Se afirma que aquí cantó Lola Beltrán, antes de ser famosa. En torno a ella se ubican el Palacio Municipal y edificios administrativos, como el de correos y la Catedral de la Inmaculada Concepción.\"},{\"nombre\":\"Acuario de Mazatlán\",\"descripcion\":\"Este sitio es de los atractivos más emocionantes de Mazatlán para las familias, resulta divertido y didáctico para gente de cualquier edad. Además de las peceras centrales, donde se aprecian especies marinas y de agua dulce; cuenta con jardines donde se ve fauna regional (venados, mapaches, borregos, boas, iguanas, cocodrilos), así como aves rapaces y guacamayas amaestradas.\"},{\"nombre\":\"El Faro\",\"descripcion\":\"Uno de los faros naturales más altos de mundo, el cual está ubicado a 157 metros sobre el nivel del mar. Subir al faro de Mazatlán es toda una experiencia, pues nos regala vistas increíbles desde las alturas y, al tiempo, nos permite apreciar la cordialidad de los porteños, quienes desde muy temprano ya andan por ahí ejercitándose. Le recomendamos llevar cámara fotográfica para capturar bonitas panorámicas de la ciudad y del azul profundo del mar, el Viejo Mazatlán y la Isla de la Piedra.\"},{\"nombre\":\"Playas\",\"descripcion\":\"Los 20 kilómetros de famosas y asoleadas playas que rodean a Mazatlán se distinguen por su espectacular belleza natural y suave arena. Son versátiles e ideales para tomar una tranquila caminata, admirar las espectaculares y multicolores puestas de sol; divertirse en el mar con una gran variedad de deportes acuáticos, contemplar el vaivén de las olas, o simplemente observar el juego de luz que crea el sol al caer sobre el apacible mar. También conocida como la Perla del Pacífico, Mazatlán es una excelente opción para aquellos que quieren tomar un descanso de la cotidiana rutina de casa, con la opción de observar los distintos paisajes que enamoran y también ofrece un sinfín de actividades y lugares para los interesados en experimentar algo distinto. Playa Norte, Playa Gaviotas y Playa El Camarón, por su tranquilidad y suave oleaje, son ideales para tomar una agradable caminata a la orilla del mar observando la majestuosidad del mar y sintiendo la calidez del rey sol. Para realizar deportes acuáticos y sentir la adrenalina de las olas junto con la refrescante brisa, las playas ideales son Playa Olas Altas, Playa Pinitos y Playa Brujas, elección predilecta de surfistas gracias a sus excelentes olas. Playa de Venados e Isla de la Piedra son ideales si quiere disfrutar playas semi vírgenes y exóticas donde la quietud y el cautivador paisaje son propicios para tomar una relajada caminata, leer un buen libro o simplemente relajarse observando las maravillas de la naturaleza.\"},{\"nombre\":\"Malecón\",\"descripcion\":\"El Malecón de Mazatlán es considerado uno de los más largos de mundo, desde donde se pueden apreciar muchos de los atractivos más hermosos de Mazatlán como son las playas, las Tres Islas y el mar. Con una longitud de 7 kilómetros, se puede decir que El Malecón de Mazatlán refleja las distintas etapas de la historia de este bello destino turístico en cada tramo que lo componen: La Puntilla (muelles y ferrys), El Faro, el Paseo del Centenario, el Paseo Olas Altas, el Paseo Claussen y la Avenida del Mar o Playa Norte. Puede disfrutar un paseo a lo largo de El Malecón caminando, en bicicleta o en “pulmonía” en compañía de su familia, y podrá admirar también sus hermosas esculturas y sus espectaculares puestas de sol sobre la bahía.\"},{\"nombre\":\"Monumentos\",\"descripcion\":\"A lo largo del malecón se ven monumentos dedicados a los emblemas de Mazatlán, entre ellos destacan: el de Lobos Marinos, pues aquí arriban estos animales en temporada de noviembre a febrero; Milenio, escultura dedicada a la familia del famoso artista plástico mazatleco Antonio López Sáenz; monumento a la Continuidad de la Vida, que pretende simbolizar la armonía necesaria entre el hombre y la naturaleza; la estatua de bronce de la Reina de los Mares muestra una encantadora escena protagonizada por una hermosa sirena y un niño; monumento a la Mujer Mazatleca, pretende ser un homenaje a la belleza de las mujeres de Mazatlán; monumentos a la Pulmonía, el Venadito y al Pescador mejor conocido como Los Monos Bichis, es tal vez el más popular de todos.\"},{\"nombre\":\"Paseo Claussen\",\"descripcion\":\"Unos de los paseos más hermosos de Mazatlán en este tramo del malecón, también conocido como Avenida del Mar, transcurre paralelo a la bahía en un extenso recorrido muy frecuentado por los lugareños, especialmente al atardecer, desde aquí se desifrutan las mejores puestas del sol de la ciudad.\"},{\"nombre\":\"Glorieta Sánchez Taboada\",\"descripcion\":\"Esta Glorieta es famosa porque tiene una formación natural de roca conocida como El Clavadista, desde donde se lanzan clavadistas al mar (diario sin horario establecido). Desde ahí se pueden admirar hermosos atardeceres y disfrutar de la brisa del mar degustando un rico elote, raspados, aldones de azúcar o cocos helados. No se pierda las nieves Medrano y las suaves cocadas de la Isla de la Piedra.\"},{\"nombre\":\"Parque Acuático Mazagua\",\"descripcion\":\"Diversión segura para toda la familia, entre sus instalaciones destacan los toboganes de diversas formas y tamaños, la alberca con simulador de oleaje para los niños más intrépidos y una zona infantil para que los más pequeños puedan jugar con total seguridad. Un lugar excepcional para romper con la rutina y pasar un día lleno de diversión con la familia o amigos.\"},{\"nombre\":\"Las Pulmonías\",\"descripcion\":\"Por las calles de Mazatlán pueden verse unos peculiares vehículos conocidos como pulmonías, cuyo origen se remonta a 1965. Las primeras pulmonías eras carritos abiertos tirados por caballos. En la actualidad, su estructura se ha modificado, adaptándose a los nuevos tiempos y se les ha incorporado motor, pero continúan siendo una de las alternativas de transporte más curiosas para moverse en Mazatlán.\"},{\"nombre\":\"Vida nocturna\",\"descripcion\":\"La vida nocturna en Mazatlán ofrece opciones para todos los gustos. Hay tres zonas que ofrecen lo necesario para que la diversión con amigos, en pareja o familiar sea excelente: Zona Dorada, Centro Histórico y Nuevo Mazatlán. Estas áreas cuentan con una gran variedad de restaurantes que ofrecen distintas especialidades gastronómicas, bares, discotecas exclusivas y antros que conjugan música de distintos géneros, luces multicolores, exóticas bebidas y todo lo necesario para que pase de lo cotidiano a lo irreal, subliminal y perfecto. Reviza nuestro directorio para que selecciones tu lugar favorito y empieces con la diversión a lo grande; todo con un excelente servicio y los más modernos ambientes.\"}]}',2,12),(23,'{\"actividades\":[{\"nombre\":\"Parque Alameda.\",\"descripcion\":\"Un paseo situado en la ribera del río Mocorito, cuenta con juegos infantiles, corredores, espacios deportivos y una plaza con una enorme escultura dedicada a la familia.\"},{\"nombre\":\"El Valle\",\"descripcion\":\"A 12 Km de la cabecera municipal está El Valle, donde se elabora alfarería de barro y piezas de madera, además se encuentran las moliendas que transforman la caña en productos dulces que deleitan al paladar.\"},{\"nombre\":\"Viernes de Plaza en la Plazuela Miguel Hidalgo\",\"descripcion\":\"Todos los viernes hay fiesta en la Plazuela: artesanías, gastronomía, música en el kiosco, actividades culturales y mucho más. Ven con tu familia para disfrutar de esta actividad única en la región, no te arrepentirás.\"},{\"nombre\":\"Ulama\",\"descripcion\":\"Mocorito es uno de los municipios donde la practica de la tradicional ulama goza de mayor afición. El antiguo juego de pelota se practica casi a diario,aunque es, durante los fines de semana, cuando tienen lugar los partidos más emocionantes.\"},{\"nombre\":\"Artesanías\",\"descripcion\":\"Los artesanos de Mocorito realizan trabajos de alfarería y de madera tallada, logrando una variedad de artículos como ollas, jarros, macetas de barro y bateas, cucharas, artesas o estribos de madera, entre otros.\"}]}',1,13),(24,'{\"actividades\":[{\"nombre\":\"Iglesia de la Inmaculada Concepción\",\"descripcion\":\"En su interior se pueden apreciar tesoros religiosos, como la representación del viacrucis en catorce cuadros a lápiz que datan de más de tres siglos. De igual manera se puede ver el púlpito original desde el que se oficiaban las misas, y en el altar principal, un bulto de la Virgen de la Purísima Concepción traído desde Barcelona, España. La iglesia se levanta sobre los cimientos de una capilla anterior, de adobe, que fue derribada con el propósito de construir un templo más sólido, terminada a prinicipios del siglo XVIII.\"},{\"nombre\":\"Plazuela Miguel Hidalgo\",\"descripcion\":\"Apreciada por su muy variada jardinería, frente a la Iglesia se encuentra la plazuela \'Miguel Hidalgo\' la cual, fue un cementerio en la antigüedad; en sus inicios fue plaza de armas. Con su quiosco colonial y sus esculturas de las musas de los cuatro elementos. Un lugar mágico para pasar una tarde de esparcimiento familiar. Atrévete a vivir la magia de Mocorito.\"},{\"nombre\":\"Plaza Cívica de los 3 grandes de Mocorito\",\"descripcion\":\"Mocorito fue la cuna de personajes ilustres, cuyas vidas han jugado un rol importante en la historia de Sinaloa. Es el caso del ex gobernador Eustaquio Buelna, el General Rafael Buelna Tenorio, o la Heroína Agustina Ramírez. La ciudad rinde homenaje a los insignes personajes en esta Plaza, en cuyo centro pueden admirar las esculturas en bronce de cada uno de ellos.\"},{\"nombre\":\"Presidencia Municipal\",\"descripcion\":\"El edificio de la Presidencia Municipal es otro atractivo. En su interior se puede apreciar un mural del maestro Ernesto Ríos, dedicado a Rafael Buelna Tenorio, el general más joven de la revolución, nacido en esta tierra.\"},{\"nombre\":\"Casa de las Diligencias\",\"descripcion\":\"Centenaria casa construida a finales del siglo XIX, era el lugar de llegada y estación de las diligencias que hacían el trasporte de carga y pasaje por el camino real, tanto hacia el norte como hacia el sur de la república. Fue usado como cuartel militar del 53 batallón de infantería.\"},{\"nombre\":\"Escuela Benito Juárez\",\"descripcion\":\"Edificio lleno de historia, originalmente construido para palacio municipal actualmente escuela primaria donde estudió el General Rafael Buelna Tenorio, misma que fue escenario de la película Ciudadano Buelna, y que alberga en la parte superior de su fachada un reloj único en su estilo francés.\"},{\"nombre\":\"Centro Cultural Dr.Enrique González Martínez\",\"descripcion\":\"La casa de la cultura, Dr. Enrique González Martínez, un edificio con amplios portales, arquerías y un pequeño teatro, ofrece un amplísimo mural, del pintor Alonso Enríquez, en el se cuenta la historia de Mocorito en sus diversas etapas que abarcan 400 años; cabe destacar que este es el mural más grande en el estado en su tipo.\"},{\"nombre\":\"Plaza Cívica Rafael Buelna\",\"descripcion\":\"Lugar donde encontrará un enorme mural donde se muestra la historia de Mocorito, sus valores, costumbres, personajes, lleva como título: “Mocorito, Ateneo Sinaloense”.\"},{\"nombre\":\"Museo de Historia Regional de Mocorito \",\"descripcion\":\"Alberga vestigios paleontológicos y arqueológicos en la región como huesos de mamut, utensilios de piedra, piezas de barro, etc. Así como, una interesante colección pictórica y objetos antiguos de uso común.\"},{\"nombre\":\"Centro Cultural Dr. José Ley Dominguez.\",\"descripcion\":\"El centro cultural Dr. José Ley Domínguez, es parte importante de nuestro centro histórico, además de contar con una biblioteca, salas de exhibición y una infraestructura bien preservada, es sede del único periódico cultural \'La Voz del Norte\', que se edita en el estado, el cual se distribuye de manera gratuita en diversos puntos del país.\"}]}',2,13),(25,'{\"actividades\":[{\"nombre\":\"Altata\",\"descripcion\":\"Es un Área Natural Protegida donde se puede admirar manglares, palmeras, lirios, arrecifes y un gran caudal de flora y fauna. Sus playas impresionantes hacen de la bahía el mejor sitio para deléitarse, descansar y disfrutar de la naturaleza en familia. Recorre su malecón el cual lleva por nombre Jorge Julián Chávez Castro. Mide 4.5 kilómetros, disfrute de pasar una extraordinaria tarde en familia y de hermosos atardeceres.\"},{\"nombre\":\"Isla Cortés\",\"descripcion\":\"En éste lugar podrá disfrutar de una tranquila estancia en algunos de sus condominios, y de su gastronomía exquisita. Además, en el corazón de la bahía de Altata, la nueva Marina y Club de Yates de Isla Cortés ofrece los mejores servicios, que multiplicarán el disfrute del mar y de las embarcaciones. Cuenta con 100 espacios y 200 hangares para el resguardo de las embarcaciones así como 150 espacioes al descubierto en marina seca.\"},{\"nombre\":\"La Granja de San Pedro.\",\"descripcion\":\"En este lugar encontrará una exhibición de implementos agrícolas antiguos, animales de corral, gastronomía orgánica, técnicas sustentables de producción de alimentos y crianza de animales.\"},{\"nombre\":\"Artesanía\",\"descripcion\":\"En el municipio de Navolato, se elaboran preciosos objetos de cestería y palma.\"}]}',1,14),(26,'{\"actividades\":[{\"nombre\":\"Templo de San Francisco de Asís\",\"descripcion\":\"Fue construido en el siglo XX con un estilo neoclásico. Destacan su curioso pórtico con arcos de medio punto que crea una especie de balcón para la ventana del coro y las torres que enmarcan la fachada.\"},{\"nombre\":\"Capilla de San José\",\"descripcion\":\"Muestra arquitectónica del siglo XX, edificada en 1927.\"},{\"nombre\":\"Plazuela Vicente Guerrero\",\"descripcion\":\"Considerada el corazón de Navolato, se encuentra frente de la parroquia de San Francisco de Asís, ahí mismo puedes curiosear y disfrutar de ricos postres típicos y artículos artesanales.\"},{\"nombre\":\"Palacio Municipal\",\"descripcion\":\"Construcción con interesante muestra arquitectónica del siglo XX.\"},{\"nombre\":\"Obelisco a Antonio Rosales\",\"descripcion\":\"Ubicado en San Pedro, Navolato. Este antiguo pueblo fue escenario de la batalla librada con las tropas francesas y derrotadas por las fuerzas mexicanas encabezadas por el general Antonio Rosales en 1864.\"},{\"nombre\":\"Teatro del Pueblo\",\"descripcion\":\"Recinto donde se presentan eventos y festivales culturales.\"},{\"nombre\":\"Polideportivo Briseida Acosta\",\"descripcion\":\"Espacio deportivo en honor a Briseida Acosta, subcampeona mundial de Tae Kwon Do.\"},{\"nombre\":\"Ingenio la Primavera\",\"descripcion\":\"Navolato se consolidó como municipio cañero al inaugurarse en 1893 el Ingenio La Primavera, uno de los más grandes del estado, alcanzando una producción de más de 5 millones de kilos de azúcar de alta calidad a principios del siglo XX.\"},{\"nombre\":\"Monumento al Cañero\",\"descripcion\":\"Símbolo a quienes por años se han dedicado al cultivo de la caña. Invaluable obra que habla del amor que por la tierra tienen los habitantes de esta región.\"},{\"nombre\":\"Parque la Primavera\",\"descripcion\":\"Parque recreativo, donde disfrutará de una tarde agradable.\"},{\"nombre\":\"El Pitón de la Cofradía\",\"descripcion\":\"Monumento histórico del antiguo ingenio de Los Almada tiene más de 100 años de antigüedad, servía para dar respiro a los conductores de agua para sus cultivos de caña.\"}]}',2,14),(27,'{\"actividades\":[{\"nombre\":\"Chametla\",\"descripcion\":\"Se localiza a 36 km. de la cabecera municipal. Pueblo pintoresco, de pequeñas calles y casas coloniales de 478 años de fundación. A esta zona viene Hernán Cortez en 1535 a supervisar todos los daños de la conquista, y fue en ese tiempo cuando Cortez sube al cerro más alto de Chametla en el que planeó la conquista de las Baja Californias, lugar que quedó en la historia de El Rosario al designar a este estrecho \'Mar de Cortez\', hoy conocido como \'Mirador de Hernán Cortez\'.\"},{\"nombre\":\"Aguaverde\",\"descripcion\":\"Se encuentra a 23 kilómetros de La cabecera municipal. Con sus hermosas playas vírgenes del Caimanero y la Laguna del mismo nombre, donde se capturan diversas especies, sobre todo el camarón, que se exporta a varios países. Se aprecia la Desembocadura que hace el río Baluarte en el mar, ofreciendo un magnífico espectáculo con la gran cantidad de aves que ahí habitan. La laguna del Caimanero ademas produce lisa, robalo, chiuiles, curvinas, mojarras, pargos y burritos. Cuenta con un campamento de preservación de la tortuga marina.\"},{\"nombre\":\"Matatán\",\"descripcion\":\"Un lugar digno de ser visitado. Conozca su historia, fiestas religiosas y tradiciones centenarias, además de sus artesanías donde se emplea una técnica rústica digna de admirarse al transformar de la palma y la madera en un mueble digno y acogedor para descansar.\"},{\"nombre\":\"Cacalotán\",\"descripcion\":\"De los pueblos de la sierra rosarense, Cacalotán es el que más retrata la vida rural en tiempos de la colonia. Su apariencia de pueblo minero olvidado como otros por el progreso y la modernidad, lo hacen conservar ese encanto de una villa tranquila. Desde la entrada, los callejones empedrados que conducen al centro del poblado muestran un paisaje pintado de nostalgia. Manadas de burros merodean el camino y las casas viejas de teja le dan ese toque interesante común en todos los rincones mineros de Sinaloa.\"},{\"nombre\":\"Hacienda del Tamarindo\",\"descripcion\":\"Es un hermoso pueblo el cual cuenta con un restaurante del mismo nombre donde se sirven ricos platillos de comida regional, rodeado con un hermoso jardín y ofrece todos los servicios necesarios para organización de eventos sociales.\"},{\"nombre\":\"Las Tinajitas\",\"descripcion\":\"Vestigios artesanales de lo que fuera la cultura Totorame, en donde elaboraban sus alimentos, producían hermosos colores para su vestimenta y medicamento; testigo de ello lo encontramos en las comunidad de Chametla, comunidad donde empezó el mestizaje de Sinaloa.\"},{\"nombre\":\"Artesanía\",\"descripcion\":\"Los artesanos de El Rosario utilizan fibras de palma para fabricar morrales, petates y escobas, entre los utensilios; la producción de alfarería se ha caracterizado por ser loza decorada con flores dibujadas con un pincel. En la minería, ha favorecido el desarrollo de una admirable industria joyera, elaborándose collares, pendeintes, broches, aretes y complemetos de amplia gama.\"}]}',1,15),(28,'{\"actividades\":[{\"nombre\":\"Iglesia de Nuestra Señora de El Rosario\",\"descripcion\":\"Su gente a lo largo de su historia mezcló riqueza y fe, pues gracias a esta riqueza minera y cristiana, fue que los rosarenses construyeron un templo en honor a Nuestra Señora de El Rosario. Es la principal construcción colonial, edificado a mediados del siglo XVIII.\"},{\"nombre\":\"Ruinas de la Iglesia\",\"descripcion\":\"Primer construcción colonial del siglo XVIII. Con un diseño que reflejaba la properidad, tranquilidad y majestuosidad del lugar, más al darse cuenta que su parroquia se hundía se vieron en la nececidad de hacer algo para no perder tan preciada posesión y es entonces cuando piedra a piedra fue trasladada de lugar, trayecto que les consumiría 20 años de su tiempo, y a pesar de esto la población continuo con el traslado manteniedo su fé y su historia.\"},{\"nombre\":\"Museo de Minería\",\"descripcion\":\"Ubicado en el extremo oeste de la ciudad, representa los distintos aspectos del día a día en el antiguo feudo minero de El Rosario. Viejas carretas para transportar el metal, heramientas, vestimenta y otros artilugios relacionados con el oficio, conforman el grueso de la exposición. Una buena oportunidad para conocer más sobre la explotación minera durante la época colonial.\"},{\"nombre\":\"Portales Virreinales\",\"descripcion\":\"Construcción que data aproximadamente de 1760-1770, un ejemplo de la arquitectura civil más notable de la región, pues es un barroco característico solo de este antiguo mineral.\"},{\"nombre\":\"Museo de Lola Beltrán \",\"descripcion\":\"Está dedicado en exclusiva a la cantante Lola Beltrán, considerada cuna de las embajadoras de la música mexicana en el ámbito internacional. Exhibe numerosos retratos de Lola la Grande, como se conocía popularmente, así como galardones, premios y algunos objetos personales. Destaca la impresionante colección de vestidos utilizados por la cantante en sus representaciones de gala.\"},{\"nombre\":\"Capilla de la Santa Cruz \",\"descripcion\":\"Templo más antiguo, lugar donde se fundó la Villa del Espíritu Santo, cuenta con una cruz milagrosa\"},{\"nombre\":\"Laguna del Iguanero \",\"descripcion\":\"Por el devastador ciclón de 1935, la entrada de la mina de El Tajo se inundó, provocando el nacimiento de una laguna, llamada del Iguanero, que en la actualidad fue acondicionada para ser un sitio de convivencia para el disfrute de sus habitantes. La laguna tiene en su profundidad variados túneles que conformaban la zona minera de El Rosario. Este acuífero rodeado de árboles y plantas tropicales es uno de los rincones predilectos de los rosarenses, lugar de descanso en medio de la naturaleza. Las aguas de la laguna se caracterizan por su intenso color verde, reflejo de la vegetación que las rodea, y en algunos puntos alcanzan más de 30 metros de profundidad. En ellas abundan tortugas, peces y, por supuesto, las iguanas que han dado el nombre al paraje. La mejor forma de disfrutar el entorno es dando un paseo por los senderos, ya sea a pie o en bicicleta, cruzar la laguna por el puente colgante y perderse por los caminos del parque que la rodea.\"}]}',2,15),(29,'{\"actividades\":[{\"nombre\":\"Presa Eustaquio Buelna \",\"descripcion\":\"Situada en los límites con el municipio de Mocorito, es una de las presas más pequeñas del Estado de Sinaloa, sus aguas son frecuentadas por los amantes de la pesca deportiva, en sus alrededores también es posible practicar la caza de conejos y patos. Desde su mirador puedes disfrutar de magníficas puestas de sol. Por su vegetación, es ideal para practicar el senderismo.\"},{\"nombre\":\"Mocaomos y Terreros\",\"descripcion\":\"A las afueras de Guamúchil se elevan los cerros de Mocaomos y Terreros, en cuyas laderas se han encontrado algunos vestigios prehispánicos.\"},{\"nombre\":\"Agua Caliente de Abajo\",\"descripcion\":\"Para aquellos que deseen disfrutar de las propiedades relajantes y terapéuticas de las aguas termales, podrán hacerlo en esta localidad.\"},{\"nombre\":\"Artesanías\",\"descripcion\":\"En las comunidades de Salvador Alvarado, podemos encontrar talleres artesanales donde se producen cerámicas bellamente policromadas, también se realizan artes textiles utilizando el algodón y la lana como materia prima, y trabajos de cestería con fibras vegetales como son el ixtle, la palma y algunas otras fibras.\"}]}',1,16),(30,'{\"actividades\":[{\"nombre\":\"Iglesia de Nuestra Señora de Guadalupe\",\"descripcion\":\"El templo principal de Guamúchil está dedicado a la Virgen de Guadalupe, su estructura es imponente y equilibrada, destacando las dos torres gemelas que planquean la portada principal. El primordial elemento decorativo es el arco apuntado que enmarca la puerta y las ventanas de los muros. Los vanos de las torres, donde se alojan las campanas, también presentan este remate apuntado. Un frontón triangular remata la portada. En su interior se aprecia una pequeña imagen policroma de la Virgen de Guadalupe.\"},{\"nombre\":\"Museo Pedro Infante\",\"descripcion\":\"Cuenta con tres salas de exposición que conforman el patrimonio de este museo, donde pueden verse fotografías y objetos personales del gran artista Pedro Infante. Los carteles de sus películas, sus libros e incluso un ostentoso piano, componen la muestra.\"},{\"nombre\":\"Museo Regional del Évora\",\"descripcion\":\"Explora la historia de toda la región del Río Évora, en el lugar se exhiben fósiles milenarios y hallazgos prehistóricos, tales como las vértebras de un mamut; además de piezas prehispánicas de las culturas guasave, cahita y mahoma, entre otras que habitaron el lugar. Estas piezas piezas de valor histórico arqueológico, paleontológico y antropológico son expuestas de manera permanente. También ofrece información sobre la historia colonial de la zona. Otro espacio cultural que vale la pena visitar en Guamúchil.\"},{\"nombre\":\"Plazuela Municipal Pedro Infante\",\"descripcion\":\"El centro de reunión más popular de Guamúchil, esta hermosa plazuela dedicada a la memoria del desaparecido cantante y actor Pedro Infante.\"},{\"nombre\":\"Casa de la Cultura\",\"descripcion\":\"Centro cultural donde se imparte talleres y/o actividades artísticas.\"},{\"nombre\":\"Auditorio 27 de Febrero\",\"descripcion\":\"Rencinto donde se llevan a cabo eventos culturales como el Festival Cultural Sinaloa. Esta ubicado frente a la Presidencia Municipal, en su exterior tiene un mural con misaicos que conmemora la fundación del municipio. Este fue creado por dos pintores locales y muestra a los personajes destacados de la región, así como las principales activiades agrícolas, entre las que destaca el cultivo de garbanzo.\"}]}',2,16),(31,'{\"actividades\":[{\"nombre\":\"Las Labradas\",\"descripcion\":\"Esta zona arqueológica de gran riqueza de petroglífos en la Playa de Las Labradas, Barras de Piaxtla. Son formaciones geológicas de acantilados únicas en México, estos petroglífos son viva voz de un antiguo legado, de traducciones mitológicas, grabados en las rocas por los primeros pobladores del corriente americano siendo simbolo de sus primeras expresiones artisticas. Este desarrollo arqueológico turístico cuenta con museo y servicios para hacer mas placentera la estancia de los visitantes.\"},{\"nombre\":\"Barras de Piaxtla\",\"descripcion\":\"Las Barras de Piaxtla, es un hermoso lugar por su bahía, es perfecto pasar un día en familia, donde se puede nadar y practicar deportes acuáticos. Este es un paraíso para los amantes de la naturaleza, las mejores olas de la zona están aquí, usted aprenderá a surfear sobre seguras y cristalinas aguas, además estar en playas tranquilas.\"},{\"nombre\":\"Museo del Jaguar\",\"descripcion\":\"En Acatitlán en el municipio de San Ignacio, primer museo sobre El Jaguar especie emblemática en México, aquí encontrarás información sobre este felino y su importancia del rescate de este majestuosa especie, su territorio se extiende desde el estado de Sinaloa hasta el Caribe y Centro América.\"},{\"nombre\":\"Pinturas Rupestres\",\"descripcion\":\"En el extremo oeste de San Ignacio se encuentra el Llamado Cajón de Piaxtla, un lugar donde se han encontrado interesantes muestras de pintura rupestre.\"},{\"nombre\":\"Surfing en las Tinajas\",\"descripcion\":\"Bahía virgen, con una marea perfecta para practicar surf o para practicar cualquier otro deporte acuático, quedarte a acampar y disfrutar un lindo atardecer.\"},{\"nombre\":\"Cabasan\",\"descripcion\":\"Pueblo pintoresco que no puedes dejar de visitar, ahí encontrarás los mejores jamoncillos y empanadas de calabaza de la región. Basta de recorrer sus calles para darte cuenta de la amabilidad y alegría de su gente que viven en casas con porticos llenos de flores.\"},{\"nombre\":\"San Javier\",\"descripcion\":\"Su encanto colonial se mantiene en los adoquines de las calles y en sus antiguos edificios, siendo el más emblemático el Templo de San Javier.\"},{\"nombre\":\"Artesanías\",\"descripcion\":\"Los trabajos artesanales son uno de los pilares de la economía del pueblo, como la fábrica de escobas, trapeadores y muebles rústicos. La pequeña población de San Javier cuenta con una interesante producción de alfarería con técnica de barro engretado, pero si por algo es famosa la población es por su fábrica de paletas consideradas como las mejores del estado.\"}]}',1,17),(32,'{\"actividades\":[{\"nombre\":\"Templo de San Ignacio de Loyola\",\"descripcion\":\"Construido en la época colonial por los Jesuitas durante el siglo XIX. Destaca el desnivel del atrio, donde se aprecia una fastuosa decoración de palmeras, muy poco frecuente en otras iglesias de la región.\"},{\"nombre\":\"Museo de la Cultura Popular\",\"descripcion\":\"Alberga la historia cultural de los habitantes de San Ignacio como trajes típicos.\"},{\"nombre\":\"Cristo de la Mesa\",\"descripcion\":\"Sobre una loma a orillas del Río Piaxtla, se aprecia una enorme escultura de Cristo, que extiende sus brazos de piedra proteger a los habitantes del pueblo.\"},{\"nombre\":\"Plazuela Constitución\",\"descripcion\":\"Lugar de reunión de los lugareños. Rodeada de verdes y hermosos jardines con un típico kiosko en su centro, la plaza es otro de los rincones entrañables de San Ignacio.\"},{\"nombre\":\"La Casa del Diablo\",\"descripcion\":\"Según sus habitantes, cuentan que su techo fue derribado por un cañonazo, debido a lo cual fallecieron muchas personas. La Propiedad fue de Bernardo Escoboza que vendió su alma al diablo para convertirse en el más rico del pueblo.\"},{\"nombre\":\"Palacio Municipal\",\"descripcion\":\"La sobriedad y la sencillez son las notas predominantes del Palacio Municipal. A las puertas del palacio se descubre la hermosa Plazuela de la Constitución, lugar de reunión para las familias.\"},{\"nombre\":\"El Callejón del Beso\",\"descripcion\":\"Para los románticos y enamorados, el paseo por el Callejón del Beso, es una cita obligada.\"},{\"nombre\":\"Museo Comunitario de San Ignacio\",\"descripcion\":\"Ubicado en la antigua casa cural, cuenta con diversos artículos históricos que muestran la vasta y extensa historia de este municipio. La joya de la exposición es un impresionante mural bíblico.\"}]}',2,17),(33,'{\"actividades\":[{\"nombre\":\"Ruinas Jesuitas de Templo Viejo\",\"descripcion\":\"Es el único elemento que queda en pie de la primera iglesia de Sinaloa de Leyva, edificada por los jesuitas en 1635. En 1770 el río Sinaloa se desbordó anegando por completo la población y dejando destrucción a su paso. La iglesia jesuita quedo reducida a escombros, salvándose tan sólo esta vetusta torre.\"},{\"nombre\":\"Presa Lic. Gustavo Díaz Ordaz\",\"descripcion\":\"Mejor conocida como Presa de Bacurato, dique ubicado a 48 kilómetros de Sinaloa de Leyva, fue construida con el fin de aprovechar las aguas del Río Sinaloa para regar los cultivos de la zona y genrar energía hidroeléctrica. Su capacidad e almacenamiento asciende a los 1,920 millones de metros cúbicos. Es muy visitada por los amantes de la pesca deportiva que pueden disfrutar de la captura en temporada de lobina negra y tilapia.\"},{\"nombre\":\"Bacibirito\",\"descripcion\":\"Cerca de la presa se encuentra Bacubirito, pueblo que conserva la magia de los antiguos feudos mineros, con construcciones del virreinato todavía en pie. La pequeña población dispone de un balneario ideal para aliviar el estrés y disfrutar de una terapia relajante.\"},{\"nombre\":\"Artesanías\",\"descripcion\":\"Se implementa con frecuencia el ixtle y la palma para confeccionar canastas y vistosos abanicos, las artesanías textiles del municipio emplean el algodón y la lana para confeccionar distintas prendas.\"}]}',1,18),(34,'{\"actividades\":[{\"nombre\":\"Templo San Felipe y Santiago\",\"descripcion\":\"La principal construcción colonial de la cabecera principal tiene tras de sí una accidentada historia de daños naturales y continuas reconstrucciones. Tras la catastrófica crecida del río, en 1772, fue necesario construir un nuevo templo para continuar la labor evangelizadora de los indígenas de la región. De aspecto sobrio y muy austero con sencillas molduras en el arco y las jampas de la puerta principal.\"},{\"nombre\":\"Casa de la Cultura\",\"descripcion\":\"Edificio donde viviera el médico y filantrópico Luis G. de la Torre, es acopio de historia y recuerdos, que incluye instrumentos musicales e indumentaria étnica, implementos antiguos y algunas piezas arqueológicas. El recinto también ofrece una biblioteca.\"},{\"nombre\":\"Malecón\",\"descripcion\":\"Está situado a la orilla del río Petatlán, es otro de los lugares más concurridos y atractivos para nuestros visitantes, cuenta con un puente llamado “El puente del amor” desde el cual se puede apreciar todo el paisaje que enmarca el río. También puedes disfrutar del Malecón desde otra perspectiva, pasear a bordo del catamarán, una experiencia diferente, este inicia en la parte central del malecón y recorre el río Sinaloa pudiéndose apreciar la ciudad de Sinaloa de Leyva.\"},{\"nombre\":\"Puente Colgante\",\"descripcion\":\"Construido en base a naturaleza pura, cuenta con una longitud de 154 metros, cruza el río de Sinaloa de Leyva en su lugar más ancho, podrás encontrar palapas, albercas y cabañas.\"},{\"nombre\":\"Cerro del Monje\",\"descripcion\":\"Ubicado en la entrada de la cabecera municipal, en él se encuentra la imagen de la Virgen de Guadalupe, además de un mirador al pueblo y a todas sus comunidades. Se puede subir en automóvil al Cerro de Monge, en cuya cima hay una moderna capilla, pero lo que realmente vale la pena es la panorámica del pueblo, atravesado por el río Sinaloa. Debajo se ven también las ruinas del primer templo jesuita que hubo en la localidad.\"},{\"nombre\":\"Cementerio Municipal\",\"descripcion\":\"En el Panteón Municipal encontrarás tumbas de grandes personajes sinaloenses, entre ellas el cenotafio del precursor y protomártir de la revolución, Gabriel Leyva Solano. Al igual que la tristemente celebre Julia Pastrana, en su momento considerada la mujer más fea del mundo.\"}]}',2,18);

/*Data for the table `estado` */

insert  into `estado`(`id`,`nombre`,`abreviatura`,`status`) values (1,'Aguascalientes','AS',1),(2,'Baja California','BC',1),(3,'Baja California Sur','BS',1),(4,'Campeche','CC',1),(5,'Coahuila de Zaragoza','CL',1),(6,'Colima','CM',1),(7,'Chiapas','CS',1),(8,'Chihuahua','CH',1),(9,'Ciudad de México','DF',1),(10,'Durango','DG',1),(11,'Guanajuato','GT',1),(12,'Guerrero','GR',1),(13,'Hidalgo','HG',1),(14,'Jalisco','JC',1),(15,'México','MC',1),(16,'Michoacán de Ocampo','MN',1),(17,'Morelos','MS',1),(18,'Nayarit','NT',1),(19,'Nuevo León','NL',1),(20,'Oaxaca','OC',1),(21,'Puebla','PL',1),(22,'Querétaro','QT',1),(23,'Quintana Roo','QR',1),(24,'San Luis Potosí','SP',1),(25,'Sinaloa','SL',1),(26,'Sonora','SR',1),(27,'Tabasco','TC',1),(28,'Tamaulipas','TP',1),(29,'Tlaxcala','TL',1),(30,'Veracruz de Ignacio de la Llave','VZ',1),(31,'Yucatán','YN',1),(32,'Zacatecas','ZS',1);

/*Data for the table `galeria` */

insert  into `galeria`(`id`,`descripcion`,`url`,`status`,`municipio_id`) values (1,NULL,'public/assets/Sinaloa/ahome/1.jpg',1,1),(2,NULL,'public/assets/Sinaloa/ahome/2.jpg',1,1),(3,NULL,'public/assets/Sinaloa/ahome/3.jpg',1,1),(4,NULL,'public/assets/Sinaloa/ahome/4.jpg',1,1),(5,NULL,'public/assets/Sinaloa/ahome/5.jpg',1,1),(6,NULL,'public/assets/Sinaloa/ahome/6.jpg',1,1),(7,NULL,'public/assets/Sinaloa/ahome/7.jpg',1,1),(8,NULL,'public/assets/Sinaloa/ahome/8.jpg',1,1),(9,NULL,'public/assets/Sinaloa/angostura/1.jpg',1,2),(10,NULL,'public/assets/Sinaloa/angostura/2.jpg',1,2),(11,NULL,'public/assets/Sinaloa/angostura/3.jpg',1,2),(12,NULL,'public/assets/Sinaloa/angostura/4.jpg',1,2),(13,NULL,'public/assets/Sinaloa/angostura/5.jpg',1,2),(14,NULL,'public/assets/Sinaloa/badiraguato/1.jpg',1,3),(15,NULL,'public/assets/Sinaloa/badiraguato/2.jpg',1,3),(16,NULL,'public/assets/Sinaloa/badiraguato/3.jpg',1,3),(17,NULL,'public/assets/Sinaloa/badiraguato/4.jpg',1,3),(18,NULL,'public/assets/Sinaloa/badiraguato/5.jpg',1,3),(19,NULL,'public/assets/Sinaloa/concordia/1.jpg',1,5),(20,NULL,'public/assets/Sinaloa/concordia/2.jpg',1,5),(21,NULL,'public/assets/Sinaloa/concordia/3.jpg',1,5),(22,NULL,'public/assets/Sinaloa/concordia/4.jpg',1,5),(23,NULL,'public/assets/Sinaloa/concordia/5.jpg',1,5),(24,NULL,'public/assets/Sinaloa/concordia/6.jpg',1,5),(25,NULL,'public/assets/Sinaloa/cosala/1.jpg',1,6),(26,NULL,'public/assets/Sinaloa/cosala/2.jpg',1,6),(27,NULL,'public/assets/Sinaloa/cosala/3.jpg',1,6),(28,NULL,'public/assets/Sinaloa/cosala/4.jpg',1,6),(29,NULL,'public/assets/Sinaloa/cosala/5.jpg',1,6),(30,NULL,'public/assets/Sinaloa/cosala/6.jpg',1,6),(31,NULL,'public/assets/Sinaloa/cosala/7.jpg',1,6),(32,NULL,'public/assets/Sinaloa/cosala/8.jpg',1,6),(33,NULL,'public/assets/Sinaloa/cosala/9.jpg',1,6),(34,NULL,'public/assets/Sinaloa/cosala/10.jpg',1,6),(35,NULL,'public/assets/Sinaloa/cosala/11.jpg',1,6),(36,NULL,'public/assets/Sinaloa/cosala/12.jpg',1,6),(37,NULL,'public/assets/Sinaloa/cosala/13.jpg',1,6),(38,NULL,'public/assets/Sinaloa/cosala/14.jpg',1,6),(39,NULL,'public/assets/Sinaloa/cosala/15.jpg',1,6),(40,NULL,'public/assets/Sinaloa/culiacan/1.jpg',1,7),(41,NULL,'public/assets/Sinaloa/culiacan/2.jpg',1,7),(42,NULL,'public/assets/Sinaloa/culiacan/3.jpg',1,7),(43,NULL,'public/assets/Sinaloa/culiacan/4.jpg',1,7),(44,NULL,'public/assets/Sinaloa/culiacan/5.jpg',1,7),(45,NULL,'public/assets/Sinaloa/culiacan/6.jpg',1,7),(46,NULL,'public/assets/Sinaloa/culiacan/7.jpg',1,7),(47,NULL,'public/assets/Sinaloa/culiacan/8.jpg',1,7),(48,NULL,'public/assets/Sinaloa/el-fuerte/1.jpg',1,8),(49,NULL,'public/assets/Sinaloa/el-fuerte/2.jpg',1,8),(50,NULL,'public/assets/Sinaloa/el-fuerte/3.jpg',1,8),(51,NULL,'public/assets/Sinaloa/el-fuerte/4.jpg',1,8),(52,NULL,'public/assets/Sinaloa/el-fuerte/5.jpg',1,8),(53,NULL,'public/assets/Sinaloa/elota/1.jpg',1,9),(54,NULL,'public/assets/Sinaloa/elota/2.jpg',1,9),(55,NULL,'public/assets/Sinaloa/elota/3.jpg',1,9),(56,NULL,'public/assets/Sinaloa/elota/4.jpg',1,9),(57,NULL,'public/assets/Sinaloa/elota/5.jpg',1,9),(58,NULL,'public/assets/Sinaloa/escuinapa/1.jpg',1,10),(59,NULL,'public/assets/Sinaloa/escuinapa/2.jpg',1,10),(60,NULL,'public/assets/Sinaloa/escuinapa/3.jpg',1,10),(61,NULL,'public/assets/Sinaloa/escuinapa/4.jpg',1,10),(62,NULL,'public/assets/Sinaloa/escuinapa/5.jpg',1,10),(63,NULL,'public/assets/Sinaloa/guasave/1.jpg',1,11),(64,NULL,'public/assets/Sinaloa/guasave/2.jpg',1,11),(65,NULL,'public/assets/Sinaloa/guasave/3.jpg',1,11),(66,NULL,'public/assets/Sinaloa/guasave/4.jpg',1,11),(67,NULL,'public/assets/Sinaloa/guasave/5.jpg',1,11),(68,NULL,'public/assets/Sinaloa/mazatlan/1.jpg',1,12),(69,NULL,'public/assets/Sinaloa/mazatlan/2.jpg',1,12),(70,NULL,'public/assets/Sinaloa/mazatlan/3.jpg',1,12),(71,NULL,'public/assets/Sinaloa/mazatlan/4.jpg',1,12),(72,NULL,'public/assets/Sinaloa/mazatlan/5.jpg',1,12),(73,NULL,'public/assets/Sinaloa/mazatlan/6.jpg',1,12),(74,NULL,'public/assets/Sinaloa/mazatlan/7.jpg',1,12),(75,NULL,'public/assets/Sinaloa/mazatlan/8.jpg',1,12),(76,NULL,'public/assets/Sinaloa/mazatlan/9.jpg',1,12),(77,NULL,'public/assets/Sinaloa/mazatlan/10.jpg',1,12),(78,NULL,'public/assets/Sinaloa/mocorito/1.jpg',1,13),(79,NULL,'public/assets/Sinaloa/mocorito/2.jpg',1,13),(80,NULL,'public/assets/Sinaloa/mocorito/3.jpg',1,13),(81,NULL,'public/assets/Sinaloa/mocorito/4.jpg',1,13),(82,NULL,'public/assets/Sinaloa/mocorito/5.jpg',1,13),(83,NULL,'public/assets/Sinaloa/navolato/1.jpg',1,14),(84,NULL,'public/assets/Sinaloa/navolato/2.jpg',1,14),(85,NULL,'public/assets/Sinaloa/navolato/3.jpg',1,14),(86,NULL,'public/assets/Sinaloa/navolato/4.jpg',1,14),(87,NULL,'public/assets/Sinaloa/navolato/5.jpg',1,14),(88,NULL,'public/assets/Sinaloa/rosario/1.jpg',1,15),(89,NULL,'public/assets/Sinaloa/rosario/2.jpg',1,15),(90,NULL,'public/assets/Sinaloa/rosario/3.jpg',1,15),(91,NULL,'public/assets/Sinaloa/rosario/4.jpg',1,15),(92,NULL,'public/assets/Sinaloa/rosario/5.jpg',1,15),(93,NULL,'public/assets/Sinaloa/salvador-alvarado/1.jpg',1,16),(94,NULL,'public/assets/Sinaloa/salvador-alvarado/2.jpg',1,16),(95,NULL,'public/assets/Sinaloa/salvador-alvarado/3.jpg',1,16),(96,NULL,'public/assets/Sinaloa/salvador-alvarado/4.jpg',1,16),(97,NULL,'public/assets/Sinaloa/salvador-alvarado/5.jpg',1,16),(98,NULL,'public/assets/Sinaloa/san-ignacio/1.jpg',1,17),(99,NULL,'public/assets/Sinaloa/san-ignacio/2.jpg',1,17),(100,NULL,'public/assets/Sinaloa/san-ignacio/3.jpg',1,17),(101,NULL,'public/assets/Sinaloa/san-ignacio/4.jpg',1,17),(102,NULL,'public/assets/Sinaloa/san-ignacio/5.jpg',1,17),(103,NULL,'public/assets/Sinaloa/sinaloa-de-leyva/1.jpg',1,18),(104,NULL,'public/assets/Sinaloa/sinaloa-de-leyva/2.jpg',1,18),(105,NULL,'public/assets/Sinaloa/sinaloa-de-leyva/3.jpg',1,18),(106,NULL,'public/assets/Sinaloa/sinaloa-de-leyva/4.jpg',1,18),(107,NULL,'public/assets/Sinaloa/sinaloa-de-leyva/5.jpg',1,18),(108,NULL,'public/assets/Sinaloa/choix/1.jpg',1,4),(109,NULL,'public/assets/Sinaloa/choix/2.jpg',1,4),(110,NULL,'public/assets/Sinaloa/choix/3.jpg',1,4),(111,NULL,'public/assets/Sinaloa/choix/4.jpg',1,4),(112,NULL,'public/assets/Sinaloa/choix/5.jpg',1,4);

/*Data for the table `municipio` */

insert  into `municipio`(`id`,`nombre`,`titulo`,`superficie`,`poblacion`,`fundacion`,`pueblo_magico`,`descripcion`,`gastronomia`,`banner`,`imagen`,`status`,`estado_id`,`zona_id`) values (1,'Ahome','Del mar a la montaña','3995',449215,'1977-01-05',0000,NULL,NULL,'/public/assets/Sinaloa/ahome/top.jpg','/public/assets/Sinaloa/ahome/home.jpg',1,25,1),(2,'Angostura','Paraíso natural que seduce con sus amplias playas','1448',47207,'1916-12-17',0000,'Amplios litorales, lagunas, esteros y una extraordinaria biodiversidad configuran el municipio de Angostura, un paraíso natural que seduce con sus amplias playas, en las que el agua y la arena sirven de hábitat natural para numerosas aves acuáticas que han encontrado aquí su edén particular.','Angostura tiene una ubicación geográfica privilegiada ofrece una gran diversidad de alimentos del mar como del campo sinaloense. Deléitate con platillos como machaca de res, manta o camarón, barbacoa, cabeza de res, filete de pescado zarandeado, e infinidad de preparaciones de mariscos.','/public/assets/Sinaloa/angostura/top.jpg','/public/assets/Sinaloa/angostura/home.jpg',1,25,2),(3,'Badiraguato','Espíritu provinciano de abundante naturaleza que envuelve cada ríncón…','5864',31821,'1605-11-24',0000,'Refugio de la naturaleza, aquí encontrarás innumerables montañas y valles, arroyos, bosques y pequeñas poblaciones donde la vida rural parece haberse afincado con fuerza manteniendo las costumbres de antaño. Badiraguato el “arroyo de las montañas”, según su nombre indígena, es el segundo municipio más grande en extensión del Estado.','Sus platillos se basan principalmente en carne de res, cerdo y gallina, aunque también puede encontrar pescado y mariscos. Entre los que puedes degustar se encuentran la machaca, el pozole, huacabaqui, nopales con chile colorado, quelites, requesón, asados de conejo y liebre, tamales, entre otros.','/public/assets/Sinaloa/badiraguato/top.jpg','/public/assets/Sinaloa/badiraguato/home.jpg',1,25,2),(4,'Choix',NULL,'3220',32998,'1916-09-11',0000,'Choix se encuentra ubicado al extremo noroeste del Estado; su cabecera es la ciudad de Choix.Choix o también llamado Choiz proviene del cahita choim que significa \"las breas\", y este era aplicado a una tribu colectores de gomas o resinas vegetales; este topónimo significa, según don Héctor R. Olea, \"lugar de brea\" o \"donde habitan los colectores de resina”.',NULL,'/public/assets/Sinaloa/choix/top.jpg','/public/assets/Sinaloa/choix/home.jpg',1,25,1),(5,'Concordia','Vive el antiguo esplendor minero que aún conserva su arquitectura ...','2163',27157,'1915-04-08',0000,'Población tradicional reducto colonial y añoranza del feudo minero que fue en el pasado, Concordia se perfila como una ciudad de coquetos rincones, de arquitectura singular y de bellos parajes naturales. Fue fundada por Francisco de Ibarra en 1565, con el nombre de San Sebastián. En 1828 la villa cambió su nombre por el de Concodia, en homenaje a los acuerdos pacíficos que tuvieron lugar aquí entre dos hermandades masónicas rivales. Mucho antes de los españoles, la región estuvo ocupada por grupos indígenas, cuya presencia se puede apreciar en los petroglífos dispersos por el territorio a orillas del Arroyo del Zapotillo, Ceroo de los MOnos o en La Petaca. Por su ubicación geográfica en la forntera con el Estado de Sinaloa y Durango, el territorio esta dominado por las estribaciones de la Sierra Madre Occidental daondo como resultado la presencia de bosques, zonas montañosas, barrancos y quebradas que dan un touqe especial a la zona.','En Concordia puedes encontrar una gran variedad de platillos típicos como la cazuela, tostadas, asado a la plaza, pero esta región es famosa porque se prepara el mejor \"pay de plátano del mundo\", además no podemos dejar de saborear los famosos raspados de Concordia, todos los sabores deliciosos pero el imperdible, es el de leche quemada.','/public/assets/Sinaloa/concordia/top.jpg','/public/assets/Sinaloa/concordia/home.jpg',1,25,3),(6,'Cosalá','Impresionate con los edificios históricos y las fachadas coloridas de estilo colonial…','164',6557,'1562-03-13',2005,'Ubicado en la Sierra Madre Oriental, Cosalá tiene angostas callejuelas empedradas y más de 250 construcciones que guardan siglos de historia. Se trata de un pueblo lleno de vida, en el que convergen su rica gastronomía y sus leyendas de fantasmas. Su caluroso verdor invita a los visitantes al ecoturismo y a la diversión. En 1531 llegaron aquí los primeros expedicionarios españoles, admirados tanto por la belleza del lugar como por la riqueza de su suelo, pródigo en metales preciosos.\r\nEn 1562 se tiene constancia real de la fundación de Cosalá conocida entonces como Real de MInas de las Once Mil Vírgenes. Para inicios del siglo XIX la convirtío en la población más próspera del noroeste de México, gracias a lo cual se convierte en la capital del Estado de Occidente, que comprendía los actuales estados de Sonora y Sinaloa. Hoy día, Cosalá es uno de los lugares más visitados de Sinaloa. Su legado histórico, la armonía de su arquitectura y la fescura natural que lo envuelve, han sido motivos sobrados para que la Secretaría de Turismo de México lo considere Pueblo Mágico. La magia que envuelve Cosalá puedes descubrirla al recorrer sus calles pintorescas y espacios de gran belleza que se integran a la naturaleza. Su arquitectura vernácula, su historia centenaria, sus tradiciones, su excelente gastronomía y la diversidad de atractivos turísticos en los que es posible disfrutar del turismo alternativo, te harán vivir este maravilloso Pueblo Mágico.','La llegada de los españoles en el año de 1542, marca el momento en que da inicio la gastonomía de Cosalá. Es posible degustar diversos platillos y postres preparados con una amalgama de ingredientes, algunos de origen prehispánico en suculenta combinación con componentes de la comida española.\r\n¿Qué tal una rica machaca y unas gorditas de asiento para empezar?\r\nTambién se preparan deliciosas recetas con tilapia y lobina recién pescados en ela presa José López Portillo. Hay que dejar un buen espacio a los dulces típicos, la elaboración de conservas de frutas, pan, empanadas, dulce de leche, machaca, chorizo, queso, tamales y guisos regionales, que resultan una delicia al paladar y que pueden ser saboreados en los restaurantes y demás sitios de venta de alimentos.','/public/assets/Sinaloa/cosala/top.jpg','/public/assets/Sinaloa/cosala/home.jpg',1,25,2),(7,'Culiacán','Capital de Sinaloa, cuidad de belleza y sabor...','4758',905265,'1531-09-29',0000,'Rodeada de verdes campos agrícolas, su magnificencia, conceptualizada en el marco de sus tres ríos, se compone de elementos naturales complementarios de su pujante desarrollo urbano. Probar Culiacán es asegurarse que sabe bien. La capital del estado de Sinaloa, en el Pacífico Mexicano, invita a conocerla desde el primer momento. Considerada como uno de los principales proveedores de alimentos del mundo, esta urbe tiene en la producción agroalimentaria su principal protagonista económico, y en la industria de reuniones su vocación turística.\r\n\r\nEs una excelente combinación que genera muy buenos resultados. Una ciudad de gente amable, de carácter franco y alegre, que lo mismo disfruta recorrer en un tranquilo paseo en bicicleta las riberas de sus tres rios: Humaya, Tamazula y Culiacán. Como sentarse en alguno de sus famosos restaurantes de mariscos o carnes rojas, acompañando sus deliciosos platillos con los acordes de “El Sinaloense”, himno popular del Estado. Las calles de Culiacán están llenas de historias y misticismo.\r\n\r\nLa música de Banda, una tradición que se vive a cada momento, envuelve al destino en una fiesta y alegría, recorriendo sus calles y descubriendo sus historias y leyendas, como la de “La Lupita”, la eterna novia de la ciudad o “Malverde”, aquel místico “bandido generoso”, protector de los pobres, cuya historia se cuenta entre propios y extraños. Tradiciones como el Ulama, juego prehispánico rasgo cultural de los sinaloenses, aún se mantienen vivas entre sectores de la población, que se esfuerzan por mantener vigentes las raíces de esta tierra.','Una muy buena razón por la que Culiacán sabe bien es su comida. La riqueza gastronómica del destino es impactante, reconocida a nivel internacional. La variedad de platillos realizados con productos de la región, desde el campo hasta el mar, en manos de maestros culinarios locales, nacionales e internacionales, es una de las experiencias que ofrece el destino. Fácilmente se pueden degustar los artesanales platillos elaborados por gente de la ciudad, como el famoso “aguachile”, en tradicionales carretas o restaurantes a pie de calle, hasta las más novedosas creaciones gastronómicas desarrolladas por preparados chefs en espectaculares restaurantes de calidad internacional, mismos que hablan del poderío gastronómico que tiene el destino.','/public/assets/Sinaloa/culiacan/top.jpg','/public/assets/Sinaloa/culiacan/home.jpg',1,25,2),(8,'El Fuerte','Impresionate con los edificios históricos y las fachadas coloridas de estilo colonial…','3843',12848,'1858-08-19',2009,'Ubicado eal noreste del Estado de Sinaloa, con grandes atractivos naturales, históricos, arquitectónicos, culturales y arraigadas tradiciones indígenas (Yoremes).\r\n\r\nEsta ciudad colonial es considerada como la más hermosa de Sinaloa, fundada en 1564 por el capitán español Francisco de Ibrra. El Origen de su nombre se deriva del \"Recinto Fortificado\" durante el virreinato de Don Juan Mendoza y Luna, Marqués de Montesclaros. El encantador estilo de la ciudad evoca la atmósfera colonial en sus majestuosas construcciones.','Tenemos una gran variedad de platillos típicos: machaca, caldillo, picadillo, arroz, huacabaqui, barbacoa, tamales de piña, carne, elote y dulce. En la cabecera municipal se han hecho costumbre los platillos a base de lobina como: los chicharrones, callos, albóndigas, filete zarandeado, empanizado o flameado, así como las mariscadas y los langostinos (cauques) preparados de diferentes maneras. En lo dulce encontramos pepitorias, jamoncillos, cocadas, capirotada, tacuarines (coricos), coyotas, semitas, melcocha, buñuelos y gorditas de queso.','/public/assets/Sinaloa/el-fuerte/top.jpg','/public/assets/Sinaloa/el-fuerte/home.jpg',1,25,1),(9,'Elota','Orgullosas raíces indígenas, danzas, artesanías y rica comida…','1518',53856,'1914-04-03',0000,'Flanqueando las costas centrales del Estado, en un punto equidistante entre Mazatlán y Culiacán, emerge la hermosa población de Elota.\r\n\r\nEl municipio cuenta con un extenso litoral de 45 Km. de longitud, contando con numerosas playas dotadas de los mejores servicios para hacer más placentera su visita. La Cruz es la cabeza del Municipio de Elota desde 1927. La Arquitectura predominante en La Cruz de Elota es moderna y pragmática, con edificios construidos mayoritariamente a lo largo del siglo XX.','En Elota, podrás disfrutar de unas excelentes parrilladas de pescado, o de los deliciosos ostiones en su concha, encontrarás variedad de platillos preparados a base de pescados y mariscos frescos sacados de sus costas. También se produce queso ranchero, requesón, dulce de leche y pan de mujer, y se preparan cauques al chipotle , sacados del río.','/public/assets/Sinaloa/elota/top.jpg','/public/assets/Sinaloa/elota/home.jpg',1,25,3),(10,'Escuinapa','Aventuras ecológicas, paseos en lancha por los islotes para observar aves, manglares y más…','1558.489',54131,'1915-09-07',0000,'Su costa forma una enorme zona de humedales rica en marismas y manglares donde viven infinidad de aves, insectos, moluscos y otras especies costeras. Es un pequeño pueblo pesquero orgullosamente “bicicletero”, por lo que es común ver bicicletas dobles, triples y bicitaxis. En el camino hasta llegar allí se aprecian pequeñas granjas camaroneras y zonas de salinas.\r\n\r\nLos Totorames que habitaron Escuinapa, lo conocieron como “lugar de perros del agua” o como “lugar de la diosa Ixcuina”, Diosa del parto, del maíz, del algodón.\r\n\r\nTras el paseo por las calles, llega el momento de degustar los tradicionales tamales barbones de camarón y otros platillos elaborados con frescos productos del mar, no en vano Escuinapa es conocida con el nombre de la “Perla Camaronera”.',NULL,'/public/assets/Sinaloa/escuinapa/top.jpg','/public/assets/Sinaloa/escuinapa/home.jpg',1,25,3),(11,'Guasave','Guarda en cada uno de sus recovecos, tesoros milenarios y una ventana para asomarse a las maravillas del Mar de Cortés…','3464',320000,'1595-06-24',0000,'Pueblo con encanto, fuertemente marcado por la huella evangelizadora de los Jesuitas y que se ha mantenido a pesar del paso de los siglos. Incluso las antiguas construcciones conservan su majestuosidad convirtiéndose en focos de interés para los amantes tanto de la arquitectura como de la historia. Es la cabecera del municipio del mismo nombre.\r\n\r\nSe asienta en una zona donde han sido encontrados numerosos vestigios de grupos prehispánicos como los guasave, hasta principios del siglo xx no se conocía nada de dicha civilización, pero en 1938 un arqueólogo norteamericano, descubrió un enorme panteón prehispánico se clasifico la céramica demostrándose su calidad y se propuso a la civilización guasave como la frontera más septentrional de Mesoamérica. La mayor parte de las piezas halladas están en el Museo de Historia Natural de Nueva York, algunas se conservan en el Museo Comunitario de Tamazula. Guasave es muy conocido por la cría de caballos especialmente de pura sangre.','Guasave por ser un municipio líder en la producción de alimentos ofrece una amplia oferta gastronómica en la que destacan los pescados y mariscos, teniendo como ejemplo: los chicharrones, zarandeado, aguachiles y ceviche, también cuenta con una variedad de platillos típicos como tamales, gallina pinta y barbacoa, entre otros, siendo la gastronomía un elemento fundamental en la cultura local.','/public/assets/Sinaloa/guasave/top.jpg','/public/assets/Sinaloa/guasave/home.jpg',1,25,1),(12,'Mazatlán','Belleza natural y grandes atractivos históricos y arquitectónicos…','3068.48',441975,'1531-05-14',0000,'Experimente unas vacaciones inolvidables, conjugando la diversión, la aventura, los atractivos naturales, la calidez y la hospitalidad de su gente. Mazatlán es el único destino de playa en la costa del pacífico mexicano en el que sus visitantes tienen la oportunidad de caminar entre calles y callejones que son vibrantes vías hacia un recorrido por su grandioso pasado histórico. La arquitectura de Mazatlán se caracteriza por mostrar notables trazas de influencia española, francesa, alemana, así como de otras corrientes de la Europa del siglo XIX. Este hermoso destino posee legendaria tradición artística y cultural que data del siglo XIX. El Centro Histórico, es la mejor alternativa para conocer esta ancestral historia. La Catedral, el Cerro de la Nevería, la Plazuela Machado, el Teatro Ángela Peralta, Patrimonio Histórico de la Nación, y los interminables callejones invitan a contemplar la arquitectura y vida que ofrece la Perla del Pacífico. Aquí, la robusta arquitectura decimonónica que albergara nombres y apellidos de alcurnia, ha cedido los espacios a encantadores restaurantes para degustar lo mejor de la famosa gastronomía sinaloense, románticos bares y cafés gourmet, galerías de arte y tiendas de artesanías que lo convierten en sitio memorable. Así, este deslumbrante destino combina la arquitectura tradicional del centro histórico, conocido como el Viejo Mazatlán - con los modernos hoteles y restaurantes que conforman la espectacular Zona Dorada, dotada con más de 10 kilómetros de hermosas playas -como Playa Norte, Playa Gaviotas y Playa Venados, que albergan infraestructura turística de primer nivel. La riqueza mazatleca también se aprecia en sus cristalinas aguas, donde abunda una variedad de peces y mariscos. Son muchos los eventos deportivos de pesca organizados en este destino, son muchas las actividades que confirman que tu vista a Mazatlán será una experiencia inolvidable!.','Mazatlán tiene el Récord Guinnes del coctel de camarón más grande del mundo, que lo identifica como “La capital del camarón”. En sus platillos abundan ingredientes procedentes del mar de la más alta calidad, creando exquisitos Y auténticos platillos conocidos en todo el mundo, como el aguachile de camarón, callo de hacha Y su famoso pescado zarandeado.','/public/assets/Sinaloa/mazatlan/top.jpg','/public/assets/Sinaloa/mazatlan/home.jpg',1,25,3),(13,'Mocorito','Escenario de nostalgias y rincón de sueños…','2566',45351,'1915-04-01',2015,'Los orígenes de Mocorito se encuentran en una misión Jesuita fundada a principios del siglo XVII por los padres Juan Bautista Velasco y Hernando de Santarán, en la región noroeste del estado, en el valle del río Évora. Su nombre deriva de un vocablo Cahita que puede traducirse como “lugar donde habitan los indios mayos\", aunque algunos historiadores consideran más acertado traducirlo como \"lugar de muertos”, un término paradójico para un lugar lleno de vida, magia y romanticismo. Una de la peciliaridades de Mocorito es su variedad climática. El territorio es predominanteplano, existiendo pequeños cerros en la zona central, como el Cerro Batamoto, la sierra de Baragua o la Sierra del Capirato. Muchos de estos parajes naturales ofrecen interesantes pisibilidades para la caza, de paloma blanca y codorniz. El recorrido por las antiguas calles del centro histórico de Mocorito constituye una experiencia inolvidable, ya que te permite imbuirse de lleno en el pasado, contemplando algunas construcciones que mantienen intacto el aspecto de años atrás. Mocorito es conocido tamnién por sus apasionantes carreras de caballos. Aquí hant tenido lugar las competencias ecuestres más importantes de Sinaloa, en torno a las que se realizan cunatiosas apuestas.','Uno de los principales atractivos de Mocorito es su gastronomía, son famosos los “Productos hechos en Mocorito”, uno de los principales motivos para visitar el destino. Mocorito es la “cuna del Chilorio”, producto elaborado a base de carne de puerco y que es uno de los principales platillos sinaloenses. En enero del 2013 se publicó en el Periódico Oficial “El Estado de Sinaloa”, el Decreto que declara al “Chilorio” Patrimonio Municipal de Mocorito. Además del Chilorio, destacan la machaca y chorizo. En la parte dulce los jamoncillos (elaborados a base de leche bronca de vaca, azúcar y esencia de vainilla), los coricos, las bizcotelas, las coyotas, el pan de mujer o de trigo, los suspiros, las mestizas y las empanadas.\r\n\r\nTambién hay productos a base de cacahuate como pepitorias y garapiñados. En las Moliendas de El Valle, se elaboran productos derivados de la caña de azúcar: miel, dulce de caña, apanizada, palanqueta, panocha con cacahuate tostado, noroto (espuma) y melcochas.','/public/assets/Sinaloa/mocorito/top.jpg','/public/assets/Sinaloa/mocorito/home.jpg',1,25,2),(14,'Navolato','Hermosas costas y aguas mansas, favorecen el descanso y la relajación entre dunas de arena y abundante vegetación…','7253',28676,'1982-06-27',0000,'El surgimiento de Navolato se da a principios del siglo XVI, con una lucha por alcanzar las exigencias como entidad para este poblado prehispánico de origen Tahue Neo Aztlan y llegar a ser Municipio. Es rico en cultura, producción, tradición y personajes ilustres que llenan de historia la entidad. La ciudad presenta, vestigios coloniales en sus viejas casonas con elegantes balcones.','Navolato cuenta con una gran variedad de platillos elaborados con productos del mar como el marlín, camarón, machaca de pescado, jaiba, almeja, almeja amarilla, callo de lobina, callo de hacha entre muchos más.','/public/assets/Sinaloa/navolato/top.jpg','/public/assets/Sinaloa/navolato/home.jpg',1,25,2),(15,'Rosario','Pueblo Mágico, cuna de Lola Beltrán, es un destino lleno de cultura, tradición e historia…','2723',16001,'1655-08-03',2012,'Una de las poblaciones más atractivas de Sinaloa, con extensas playas a lo largo de sus 40 kilómetors de litoral prolóngandose desde la costa del Pacífico hasta la Sierra Madre Occidental, cuentan que en el lugar donde ahora está el pueblo, el caporal Bonifacio Rojas perdió un rosario y, al buscarlo, encontró una gran cantidad de plata, convirtiéndose en la próspera Mina de Tajo.\r\n\r\nAsí se fundó El Rosario en 1655, uno de los pueblos más prósperos del noroeste mexicano produciendo importantes cantidades de oro y plata durante 290 años. En la actualidad es una opción interesante para el viaje y la aventura. La cabecera municipal, del mismo nombre, se localiza a 70 kms. del sur de Mazatlán, uno de los encantos del municipio es el carácter de la gente, siempre afable y dispuesta a recibir a los forasteros, un estimulo más para adentrarse en esta zona.\r\n','En Rosario se puede disfrutar una gran variedad de platillos que hacen vibrar al más exigente de los paladares. La cocina Sinaloense es reconocida por su exquisito sazón y singular sabor. No hay nada igual, y es que, para creerlo, hay que probarlo.\r\n\r\nTambién hay que destacar el Chorizo, producto típico hecho a base de carne de puerco, molida, sazonada con chile y especias. El chorizo es a su vez la base de deliciosos platillos. El Pozole Rojo, de lo más típico y delicioso de México, elaborado con granos de maíz, chile negro, carne de puerco y diferentes especias.\r\n\r\nAsado a la Plaza, autentico y regional, carne y papa en cubitos, servidos con verdura cocida y bañada con una exquisita salsa de tomate. Menudo, preparado con pancita y pata de res, granos de maíz y ajo, acompañado con cebolla y hierbabuena.\r\n\r\nTacos dorados rellenos de camarón, pollo, carne o papa. En lo referente al dulce se encuentra el jamoncillo de leche, ciruelas negras, arroz con leche, dulces de leche, hasta cocadas, dulce de mango. La bebida está representada por el agua de coco, horchata, tamarindo, Jamaica, raspados y cerveza. Prueba Refresco Toni Col, refresco típico y único, sabor vainilla, 100% rosarense, refrescante y vigorizante.','/public/assets/Sinaloa/rosario/top.jpg','/public/assets/Sinaloa/rosario/home.jpg',1,25,3),(16,'Salvador Alvarado','Escenario de nostalgias, rincón de sueños, callejuelas de recuerdo que en los atardeceres solitarios dejan escuchar el traqueteo del viejo tranvía…','1197.5',81109,'1962-02-07',0000,'Este municipio lleva su nombre en honor al gran General Salvador Alvarado. Su cabecera municipal, Guamúchil, es considerada como el centro de negocios de la Región del Évora y es tierra del gran ídolo Pedro Infante, reconocido actor y cantante, quien brilló con luz propia en la época de oro del cine mexicano.\r\n\r\nEsta localidad comenzó a crecer a principios del siglo XX, cuando se instaló allí la primera estación del tren, lo que detonó su actividad comercial. Hoy tiene un caractér plácido: su bonita plaza principal esta adornada con un quiosco de herrería blanca y una estatua dedicada a Pedro Infante. La calma impera las calles de Guamúchil y enormes palmeras irrumpen por doquier, poniendo un toque de verdor en las largas avenidas.\r\n\r\nGoza de un próspero desarrollo económico fruto del intenso cultivo de garbanzo. Entre las construcciones más importantes se encuentras varios edificios de interés arquitectónico como laantigua Hacienda de la Ciénaga de Casal, el Hotel Sudpacífico, edificado a prinicpios del siglo XX, el Hotel Davidmar y la sede de la Escuela Primaria Federal por Cooperación.','En el municipio de Salvador Alvarado, tradicionalmente se degustan platillos como la cazuela, tamales de puerco, elote y el chilorio, producto originario de este lugar, así como también pescados y mariscos. Además son tradicionales el arroz con leche, las pepitorias y la capirotada.','/public/assets/Sinaloa/salvador-alvarado/top.jpg','/public/assets/Sinaloa/salvador-alvarado/home.jpg',1,25,2),(17,'San Ignacio','Las calles pintorescas encantan con edificaciones coloniales mostrando la historia de tesoros escondidos…','4651',4543,'1633-01-01',0000,'En sus orígenes San Ignacio fue una misión jesuita fundada en el siglo XVI, hoy día es un hermoso lugar con magníficos ejemplos arquitectónicos de estética europea definidos por su marcado sabor colonial e histórico, sus calles lucen algunos monumentos dedicados a ilustres del pasado como a Don Benito Juárez o al General Gabriel Leyva Velázquez.','Los guisos más comunes que se preparan son la cazuela y el cocido basándose en carne de res; el colachi, platillos a base de pescado y mariscos como el aguachile, pescado zarandeado y ostiones en su concha. Se preparan exquisitos dulces como la capirotada, arroz con leche y jamoncillos.','/public/assets/Sinaloa/san-ignacio/top.jpg','/public/assets/Sinaloa/san-ignacio/home.jpg',1,25,3),(18,'Sinaloa de Leyva','Sus calles estrechas y adoquinadas mantienen su aspecto de antaño, adornadas por casonas del siglo XIX…','4651',4543,'1583-04-30',0000,'Los españoles bautizaron a este lugar como Villa de San Felipe y Santiago de Sinaloa, nombre que extendió a la actualidad. Éste fue el origen del patrimonio cultural de una pequeña ciudad serrana que convive con el pasado arquitectónico de sus edificios, con sus tradiciones que se aferran a perdurar y con un marco natural que sólo espera tu visita para enamorar.\r\n\r\nSinaloa de Leyva es el punto de inicio de la evangelización cristiana del noroeste de México, con la llegada de los primeros misioneros jesuitas y llegó a ser la región más poblada de SInaloa gracias a sus esfuerzos. En la Actualidad, las calles estrechas y adoquinadas mantienen su aspecto de antaño, adornadas por varias casonas del siglo XIX, de arquitectura típicamente española.','Sinaloa de Leyva es reconocida en su gastronomía por su gran variedad de platillos autóctonos como quelites con queso, calabacitas en colachi, el huacabaqui, pozole, menudo, barbacoa, y los famosos cauques de la región.','/public/assets/Sinaloa/sinaloa-de-leyva/top.jpg','/public/assets/Sinaloa/sinaloa-de-leyva/home.jpg',1,25,1);

/*Data for the table `pueblo` */

insert  into `pueblo`(`id`,`nombre`,`img`,`informacion`,`status`,`municipio_id`) values (1,'Villa de Ahome','public/assets/Sinaloa/ahome/ahome-pueblo-senorial.png','{\"titulo\":\"Pueblo Señorial con más de 400 años de historia.\",\"descripcion\":\"Fundada en 1605, la Villa de Ahome tiene lugares y construcciones que la convierten en un sitio maravilloso, como la plazuela central, el parque recreativo, además de el Arco que da la bienvenida a los visitantes. Sinaloa de Leyva es reconocida en su gastronomía por su gran variedad de platillos autóctonos como quelites con queso, calabacitas en colachi, el huacabaqui, pozole, menudo, barbacoa, y los famosos cauques de la región.\"}',1,1),(2,'Concordia','public/assets/Sinaloa/concordia/concordia-pueblo-senorial.png','{\"titulo\":\"Se perfila como una localidad de lindos rincones..\",\"descripcion\":\"De arquitectura singular y bellos parajes naturales. Cuenta con aguas termales, flora y fauna endémica, cabañas y zonas arqueológicas que te encantarán. Es uno de los más nuevos pueblos señoriales de Sinaloa, título que se ganó gracias a su centro histórico que es rodeado por calles adoquinadas.\"}',1,5),(3,'Copala','public/assets/Sinaloa/concordia/copala-pueblo-senorial.png','{\"titulo\":\"Es un pueblo encantador que proyecta al México auténtico donde el tiempo se detuvo.\",\"descripcion\":\"En el ambiente tranquilo y acogedor de las calles de Copala se combinan la historia, la cultura y los bellos paisajes naturales, que causan fascinación entre los visitantes que recorren este antiguo pueblo minero enclavado en medio de las montañas de la Sierra Madre, a 71 kilómetros al este de Mazatlán. Es obligada una visita a la antigua iglesia ubicada en la plaza principal, así como un recorrido por las calles empedradas. En Copala podrá saborear el exquisito pay de plátano, muy tradicional en este lugar.\"}',1,5),(4,'Imala','public/assets/Sinaloa/culiacan/imala-pueblo-senorial.png','{\"titulo\":\"El aire colonial de siglos atrás parece mantenerse intacto en la hermosa Imala.\",\"descripcion\":\"El colorido y frescura de la naturaleza se aúna con las pequeñas viviendas tradicionales, coronadas con tejadillos rojos y frecuentemente decoradas con detalles de hierro forjado. En definitiva Imala es un pequeño pueblo con encanto, capaz de despertar la nostalgia y el recuerdo, e imbuir en un ambiente señorial al paseante que se adentra en sus calles.\"}',1,7),(5,'Elota','public/assets/Sinaloa/elota/elota-pueblo-senorial.png','{\"titulo\":\"Orgullosas raíces indígenas, danzas, artesanías y rica comida…\",\"descripcion\":\"Flanqueando las costas centrales del Estado, en un punto equidistante entre Mazatlán y Culiacán, emerge la hermosa población de Elota. El municipio cuenta con un extenso litoral de 45 Km. de longitud, contando con numerosas playas dotadas de los mejores servicios para hacer más placentera su visita. La Cruz es la cabeza del Municipio de Elota desde 1927. La Arquitectura predominante en La Cruz de Elota es moderna y prgmática, con edificios construidos mayoritariamente a lo largo del siglo XX.\"}',1,9),(6,'El Quelite','public/assets/Sinaloa/mazatlan/quelite-pueblo-senorial.png','{\"titulo\":\"El Encanto de la sencillez…\",\"descripcion\":\"El valor de la tradición apenas alterada tras el paso del tiempo, la delicia de pasear por unas calles marcadas por la cotidianeidad, son placeres que no todos los pueblos pueden ofrecer. El Quelite es la excepción; sin duda, uno  de los pueblos más píntorescos de Sinaloa.\"}',1,12),(7,'San Ignacio','public/assets/Sinaloa/san-ignacio/san-ignacio-pueblo-senorial.png','{\"titulo\":\"Las calles pintorescas encantan con edificaciones coloniales mostrando la historia de tesoros escondidos…\",\"descripcion\":\"En sus orígenes San Ignacio fue una misión jesuita fundada en el siglo XVI, hoy día es un hermoso lugar con magníficos ejemplos arquitectónicos de estética europea definidos por su marcado sabor colonial e histórico, sus calles lucen algunos monumentos dedicados a ilustres del pasado como a Don Benito Juárez o al General Gabriel Leyva Velázquez.\"}',1,17),(8,'Sinaloa de Leyva','public/assets/Sinaloa/sinaloa-de-leyva/sinaloa-leyva-pueblo-senorial.png','{\"titulo\":\"Sus calles estrechas y adoquinadas mantienen su aspecto de antaño, adornadas por casonas del siglo XIX…\",\"descripcion\":\"Los españoles bautizaron a este lugar como Villa de San Felipe y Santiago de Sinaloa, nombre que extendió a la actualidad. Éste fue el origen del patrimonio cultural de una pequeña ciudad serrana que convive con el pasado arquitectónico de sus edificios, con sus tradiciones que se aferran a perdurar y con un marco natural que sólo espera tu visita para enamorar. Sinaloa de Leyva es el punto de inicio de la evangelización cristiana del noroeste de México, con la llegada de los primeros misioneros jesuitas y llegó a ser la región más poblada de SInaloa gracias a sus esfuerzos. En la Actualidad, las calles estrechas y adoquinadas mantienen su aspecto de antaño, adornadas por varias casonas del siglo XIX, de arquitectura típicamente española.\"}',1,18),(9,'Choix','public/assets/Sinaloa/choix/choix-pueblo-senorial.png',NULL,1,4);

/*Data for the table `tipo_actividad` */

insert  into `tipo_actividad`(`id`,`nombre`,`status`) values (1,'Actividad',1),(2,'Imperdible',1);

/*Data for the table `zona` */

insert  into `zona`(`id`,`nombre`,`status`) values (1,'Zona Norte',1),(2,'Zona Centro',1),(3,'Zona Sur',1);

/*!40101 SET SQL_MODE=@OLD_SQL_MODE */;
/*!40014 SET FOREIGN_KEY_CHECKS=@OLD_FOREIGN_KEY_CHECKS */;
/*!40014 SET UNIQUE_CHECKS=@OLD_UNIQUE_CHECKS */;
/*!40111 SET SQL_NOTES=@OLD_SQL_NOTES */;
